t,x,v,force,torque,current,copperW,busW,packA,resistorW,vTerm,tWinding,tHousing,soc
0,0,0.0001875,949.445,-21.974,43.9481,115.886,-4.5424,-0.0762761,0,59.552,25,25,0.5
0.001,0.00000374999,0.00768747,889.647,-20.5237,41.0473,101.093,113.418,1.93188,0,58.7086,25.0005,25,0.5
0.002,0.0000149999,0.0151872,889.623,-20.5229,41.0457,101.085,107.332,1.82684,0,58.7527,25.001,25,0.499999
0.003,0.0000337494,0.0226866,889.63,-20.5228,41.0456,101.085,101.178,1.7208,0,58.7973,25.0015,25,0.499999
0.004,0.000059998,0.0301855,889.635,-20.5228,41.0455,101.085,95.0253,1.61493,0,58.8417,25.002,25,0.499999
0.005,0.0000937451,0.0376835,889.638,-20.5227,41.0453,101.084,88.8728,1.50923,0,58.8861,25.0025,25,0.499999
0.006,0.00013499,0.0451807,889.64,-20.5226,41.0452,101.084,82.7212,1.40371,0,58.9304,25.003,25,0.499998
0.007,0.000183731,0.0526767,889.642,-20.5225,41.045,101.083,76.5708,1.29837,0,58.9747,25.0035,25,0.499998
0.008,0.000239968,0.0601714,889.643,-20.5224,41.0449,101.083,70.4217,1.19321,0,59.0188,25.0041,25,0.499998
0.009,0.000303699,0.0676645,889.643,-20.5224,41.0448,101.082,64.274,1.08823,0,59.0629,25.0046,25,0.499998
0.01,0.000374922,0.075156,889.643,-20.5224,41.0447,101.082,58.1279,0.983436,0,59.1069,25.0051,25,0.499998
0.011,0.000453636,0.0826456,889.644,-20.5223,41.0447,101.082,51.9835,0.878829,0,59.1509,25.0056,25,0.499997
0.012,0.000539838,0.0901332,889.644,-20.5223,41.0447,101.082,45.841,0.77441,0,59.1947,25.0061,25,0.499997
0.013,0.000633527,0.0976185,889.644,-20.5224,41.0448,101.083,39.7005,0.670181,0,59.2385,25.0066,25,0.499997
0.014,0.0007347,0.105101,889.644,-20.5224,41.0449,101.084,33.5621,0.566142,0,59.2822,25.0071,25,0.499997
0.015,0.000843355,0.112582,889.644,-20.5225,41.045,101.085,27.4261,0.462296,0,59.3258,25.0076,25,0.499997
0.016,0.000959488,0.120059,889.643,-20.5226,41.0452,101.086,21.2924,0.358643,0,59.3693,25.0081,25,0.499997
0.017,0.0010831,0.127533,889.643,-20.5227,41.0455,101.087,15.1613,0.255185,0,59.4128,25.0086,25,0.499997
0.018,0.00121418,0.135005,889.643,-20.5229,41.0458,101.089,9.0328,0.151924,0,59.4562,25.0091,25,0.499997
0.019,0.00135273,0.142472,889.643,-20.5231,41.0461,101.091,2.90715,0.0488601,0,59.4994,25.0096,25,0.499997
0.02,0.00149875,0.149937,889.643,-20.5233,41.0465,101.093,-3.21557,-0.0540044,0,59.5427,25.0101,25,0.499997
0.021,0.00165223,0.157397,889.643,-20.5235,41.0469,101.095,-9.33522,-0.156669,0,59.5858,25.0106,25,0.499997
0.022,0.00181317,0.164854,889.643,-20.5237,41.0474,101.098,-15.4517,-0.259131,0,59.6288,25.0111,25,0.499997
0.023,0.00198156,0.172306,889.643,-20.524,41.048,101.101,-21.5648,-0.36139,0,59.6718,25.0116,25,0.499997
0.024,0.00215741,0.179754,889.642,-20.5243,41.0486,101.104,-27.6744,-0.463445,0,59.7146,25.0121,25,0.499997
0.025,0.0023407,0.187198,889.642,-20.5246,41.0492,101.107,-33.7805,-0.565294,0,59.7574,25.0126,25,0.499997
0.026,0.00253143,0.194637,889.642,-20.5249,41.0499,101.111,-39.8828,-0.666936,0,59.8001,25.0132,25,0.499997
0.027,0.0027296,0.202071,889.642,-20.5253,41.0506,101.114,-45.9813,-0.76837,0,59.8427,25.0137,25,0.499997
0.028,0.0029352,0.2095,889.642,-20.5257,41.0514,101.119,-52.0758,-0.869594,0,59.8852,25.0142,25,0.499997
0.029,0.00314823,0.216924,889.642,-20.5261,41.0522,101.123,-58.1662,-0.970607,0,59.9276,25.0147,25,0.499998
0.03,0.00336868,0.224343,889.642,-20.5265,41.0531,101.127,-64.2523,-1.07141,0,59.97,25.0152,25,0.499998
0.031,0.00359654,0.231755,889.642,-20.527,41.054,101.132,-70.334,-1.17199,0,60.0122,25.0157,25,0.499998
0.032,0.00383181,0.239162,889.641,-20.5275,41.055,101.137,-76.4112,-1.27237,0,60.0544,25.0162,25,0.499998
0.033,0.00407449,0.246563,889.641,-20.528,41.056,101.142,-82.4838,-1.37252,0,60.0964,25.0167,25,0.499998
0.034,0.00432457,0.253958,889.641,-20.5285,41.057,101.148,-88.5516,-1.47246,0,60.1384,25.0172,25,0.499999
0.035,0.00458204,0.261347,889.641,-20.5291,41.0581,101.153,-94.6145,-1.57218,0,60.1803,25.0177,25,0.499999
0.036,0.00484689,0.268729,889.641,-20.5296,41.0593,101.159,-100.672,-1.67168,0,60.2221,25.0182,25,0.499999
0.037,0.00511912,0.276104,889.641,-20.5303,41.0605,101.165,-106.725,-1.77096,0,60.2638,25.0187,25,0.499999
0.038,0.00539873,0.283472,889.641,-20.5309,41.0618,101.172,-112.772,-1.87002,0,60.3054,25.0192,25,0.5
0.039,0.0056857,0.290834,889.64,-20.5315,41.0631,101.178,-118.814,-1.96886,0,60.3469,25.0197,25,0.5
0.04,0.00598003,0.298188,889.64,-20.5322,41.0644,101.185,-124.851,-2.06747,0,60.3883,25.0202,25,0.5
0.041,0.0062817,0.305534,889.64,-20.5329,41.0658,101.192,-130.881,-2.16585,0,60.4297,25.0207,25,0.500001
0.042,0.00659073,0.312873,889.64,-20.5336,41.0672,101.2,-136.906,-2.264,0,60.4709,25.0212,25,0.500001
0.043,0.00690708,0.320204,889.64,-20.5344,41.0687,101.207,-142.925,-2.36193,0,60.512,25.0217,25,0.500001
0.044,0.00723077,0.327527,889.64,-20.5351,41.0703,101.215,-148.938,-2.45963,0,60.5531,25.0222,25,0.500002
0.045,0.00756177,0.334842,889.64,-20.5359,41.0719,101.223,-154.945,-2.5571,0,60.594,25.0228,25,0.500002
0.046,0.00790008,0.342149,889.64,-20.5367,41.0735,101.231,-160.945,-2.65433,0,60.6349,25.0233,25,0.500003
0.047,0.0082457,0.349447,889.639,-20.5376,41.0752,101.24,-166.939,-2.75133,0,60.6756,25.0238,25,0.500003
0.048,0.00859861,0.356736,889.639,-20.5385,41.0769,101.248,-172.926,-2.8481,0,60.7162,25.0243,25,0.500004
0.049,0.0089588,0.364016,889.639,-20.5393,41.0787,101.257,-178.907,-2.94463,0,60.7568,25.0248,25,0.500004
0.05,0.00932627,0.371288,889.639,-20.5403,41.0805,101.267,-184.88,-3.04093,0,60.7972,25.0253,25,0.500004
0.051,0.00970101,0.37855,889.639,-20.5412,41.0824,101.276,-190.847,-3.13699,0,60.8376,25.0258,25,0.500005
0.052,0.010083,0.385802,889.639,-20.5421,41.0843,101.286,-196.806,-3.23281,0,60.8778,25.0263,25,0.500006
0.053,0.0104722,0.393045,889.639,-20.5431,41.0863,101.296,-202.759,-3.32839,0,60.918,25.0268,25,0.500006
0.054,0.0108687,0.400278,889.638,-20.5441,41.0883,101.306,-208.704,-3.4,1.48058,60.9481,25.0273,25,0.500007
0.055,0.0112724,0.407501,889.638,-20.5452,41.0903,101.316,-214.645,-3.4,7.42105,60.9481,25.0278,25,0.500007
0.056,0.0116834,0.414714,889.638,-20.5462,41.0924,101.327,-220.577,-3.4,13.3539,60.9481,25.0283,25,0.500008
0.057,0.0121015,0.421916,889.638,-20.5473,41.0946,101.337,-226.502,-3.4,19.2789,60.9481,25.0288,25.0001,0.500008
0.058,0.0125268,0.429108,889.638,-20.5484,41.0968,101.348,-232.42,-3.4,25.196,60.9481,25.0293,25.0001,0.500009
0.059,0.0129594,0.436289,889.638,-20.5495,41.099,101.36,-238.329,-3.4,31.1051,60.9481,25.0298,25.0001,0.500009
0.06,0.0133991,0.443459,889.638,-20.5507,41.1013,101.371,-244.23,-3.4,37.006,60.9481,25.0303,25.0001,0.50001
0.061,0.0138459,0.450619,889.638,-20.5518,41.1037,101.383,-250.122,-3.4,42.8987,60.9481,25.0309,25.0001,0.50001
0.062,0.0142999,0.457767,889.637,-20.553,41.1061,101.395,-256.007,-3.4,48.7829,60.9481,25.0314,25.0001,0.500011
0.063,0.0147611,0.464903,889.637,-20.5542,41.1085,101.407,-261.882,-3.4,54.6585,60.9481,25.0319,25.0001,0.500012
0.064,0.0152294,0.472028,889.637,-20.5555,41.111,101.42,-267.749,-3.4,60.5255,60.9482,25.0324,25.0001,0.500012
0.065,0.0157048,0.479141,889.637,-20.5567,41.1135,101.432,-273.607,-3.4,66.3837,60.9482,25.0329,25.0001,0.500013
0.066,0.0161873,0.486242,889.637,-20.558,41.1161,101.445,-279.457,-3.4,72.2329,60.9482,25.0334,25.0001,0.500013
0.067,0.0166769,0.493331,889.637,-20.5593,41.1187,101.458,-285.297,-3.4,78.0731,60.9482,25.0339,25.0001,0.500014
0.068,0.0171736,0.500407,889.637,-20.5607,41.1213,101.472,-291.128,-3.4,83.904,60.9482,25.0344,25.0001,0.500014
0.069,0.0176774,0.507471,889.637,-20.562,41.1241,101.485,-296.95,-3.4,89.7257,60.9482,25.0349,25.0001,0.500015
0.07,0.0181882,0.514523,889.636,-20.5634,41.1268,101.499,-302.762,-3.4,95.5379,60.9482,25.0354,25.0001,0.500015
0.071,0.0187061,0.521561,889.636,-20.5648,41.1296,101.513,-308.564,-3.4,101.34,60.9482,25.0359,25.0001,0.500016
0.072,0.019231,0.528587,889.636,-20.5662,41.1325,101.527,-314.357,-3.4,107.133,60.9482,25.0364,25.0001,0.500017
0.073,0.0197629,0.535599,889.636,-20.5677,41.1354,101.542,-320.14,-3.4,112.916,60.9482,25.0369,25.0001,0.500017
0.074,0.0203018,0.542598,889.636,-20.5691,41.1383,101.557,-325.914,-3.4,118.69,60.9482,25.0374,25.0001,0.500018
0.075,0.0208477,0.549583,889.636,-20.5706,41.1413,101.571,-331.677,-3.4,124.453,60.9482,25.0379,25.0001,0.500018
0.076,0.0214006,0.556555,889.636,-20.5722,41.1443,101.587,-337.429,-3.4,130.205,60.9482,25.0385,25.0001,0.500019
0.077,0.0219605,0.563512,889.636,-20.5737,41.1474,101.602,-343.172,-3.4,135.948,60.9482,25.039,25.0001,0.500019
0.078,0.0225273,0.570456,889.635,-20.5753,41.1505,101.618,-348.904,-3.4,141.68,60.9483,25.0395,25.0001,0.50002
0.079,0.023101,0.577385,889.635,-20.5768,41.1537,101.634,-354.625,-3.4,147.401,60.9483,25.04,25.0001,0.50002
0.08,0.0236817,0.5843,889.635,-20.5784,41.1569,101.65,-360.336,-3.4,153.112,60.9483,25.0405,25.0001,0.500021
0.081,0.0242693,0.5912,889.635,-20.5801,41.1602,101.666,-366.036,-3.4,158.812,60.9483,25.041,25.0001,0.500022
0.082,0.0248638,0.598086,889.635,-20.5817,41.1635,101.682,-371.725,-3.4,164.5,60.9483,25.0415,25.0001,0.500022
0.083,0.0254651,0.604956,889.635,-20.5834,41.1668,101.699,-377.402,-3.4,170.178,60.9483,25.042,25.0001,0.500023
0.084,0.0260733,0.611812,889.635,-20.5851,41.1702,101.716,-383.069,-3.4,175.845,60.9483,25.0425,25.0001,0.500023
0.085,0.0266884,0.618652,889.635,-20.5868,41.1736,101.733,-388.724,-3.4,181.5,60.9483,25.043,25.0001,0.500024
0.086,0.0273103,0.625477,889.634,-20.5886,41.1771,101.751,-394.368,-3.4,187.143,60.9483,25.0435,25.0001,0.500024
0.087,0.027939,0.632286,889.634,-20.5903,41.1807,101.768,-400,-3.4,192.775,60.9483,25.044,25.0001,0.500025
0.088,0.0285745,0.639079,889.634,-20.5921,41.1842,101.786,-405.62,-3.4,198.396,60.9483,25.0445,25.0001,0.500025
0.089,0.0292168,0.645856,889.634,-20.5939,41.1878,101.804,-411.228,-3.4,204.004,60.9483,25.0451,25.0001,0.500026
0.09,0.0298659,0.652617,889.634,-20.5958,41.1915,101.823,-416.825,-3.4,209.601,60.9483,25.0456,25.0001,0.500027
0.091,0.0305217,0.659362,889.634,-20.5976,41.1952,101.841,-422.409,-3.4,215.185,60.9483,25.0461,25.0001,0.500027
0.092,0.0311843,0.66609,889.634,-20.5995,41.199,101.86,-427.981,-3.4,220.757,60.9484,25.0466,25.0001,0.500028
0.093,0.0318535,0.672802,889.634,-20.6014,41.2028,101.879,-433.541,-3.4,226.317,60.9484,25.0471,25.0001,0.500028
0.094,0.0325295,0.679497,889.633,-20.6033,41.2066,101.898,-439.088,-3.4,231.864,60.9484,25.0476,25.0001,0.500029
0.095,0.0332122,0.686174,889.633,-20.6052,41.2105,101.918,-444.623,-3.4,237.399,60.9484,25.0481,25.0001,0.500029
0.096,0.0339015,0.692835,889.633,-20.6072,41.2144,101.937,-450.145,-3.4,242.92,60.9484,25.0486,25.0002,0.50003
0.097,0.0345975,0.699478,889.633,-20.6092,41.2184,101.957,-455.654,-3.4,248.429,60.9484,25.0491,25.0002,0.50003
0.098,0.0353001,0.706104,889.633,-20.6112,41.2224,101.977,-461.15,-3.4,253.925,60.9484,25.0496,25.0002,0.500031
0.099,0.0360094,0.712712,889.633,-20.6132,41.2265,101.997,-466.633,-3.4,259.408,60.9484,25.0501,25.0002,0.500032
0.1,0.0367252,0.719303,889.633,-20.6153,41.2306,102.018,-472.103,-3.4,264.878,60.9484,25.0507,25.0002,0.500032
0.101,0.0374477,0.725875,889.633,-20.6173,41.2347,102.039,-477.559,-3.4,270.334,60.9484,25.0512,25.0002,0.500033
0.102,0.0381766,0.732429,889.632,-20.6194,41.2389,102.06,-483.002,-3.4,275.777,60.9484,25.0517,25.0002,0.500033
0.103,0.0389122,0.738965,889.632,-20.6216,41.2431,102.081,-488.431,-3.4,281.206,60.9484,25.0522,25.0002,0.500034
0.104,0.0396542,0.745483,889.632,-20.6237,41.2474,102.102,-493.847,-3.4,286.622,60.9484,25.0527,25.0002,0.500034
0.105,0.0404028,0.751982,889.632,-20.6259,41.2517,102.124,-499.248,-3.4,292.023,60.9484,25.0532,25.0002,0.500035
0.106,0.0411579,0.758462,889.632,-20.628,41.2561,102.145,-504.636,-3.4,297.411,60.9485,25.0537,25.0002,0.500035
0.107,0.0419194,0.764923,889.632,-20.6302,41.2605,102.167,-510.009,-3.4,302.785,60.9485,25.0542,25.0002,0.500036
0.108,0.0426874,0.771365,889.632,-20.6325,41.2649,102.19,-515.369,-3.4,308.144,60.9485,25.0547,25.0002,0.500037
0.109,0.0434618,0.777787,889.632,-20.6347,41.2694,102.212,-520.714,-3.4,313.489,60.9485,25.0552,25.0002,0.500037
0.11,0.0442426,0.784191,889.632,-20.637,41.274,102.235,-526.044,-3.4,318.819,60.9485,25.0557,25.0002,0.500038
0.111,0.0450299,0.790574,889.631,-20.6393,41.2785,102.258,-531.36,-3.4,324.135,60.9485,25.0563,25.0002,0.500038
0.112,0.0458235,0.796938,889.631,-20.6416,41.2831,102.281,-536.661,-3.4,329.437,60.9485,25.0568,25.0002,0.500039
0.113,0.0466234,0.803282,889.631,-20.6439,41.2878,102.304,-541.948,-3.4,334.723,60.9485,25.0573,25.0002,0.500039
0.114,0.0474297,0.809606,889.631,-20.6462,41.2925,102.327,-547.219,-3.4,339.994,60.9485,25.0578,25.0002,0.50004
0.115,0.0482423,0.81591,889.631,-20.6486,41.2972,102.351,-552.476,-3.4,345.251,60.9485,25.0583,25.0002,0.50004
0.116,0.0490612,0.822193,889.631,-20.651,41.302,102.375,-557.717,-3.4,350.492,60.9485,25.0588,25.0002,0.500041
0.117,0.0498864,0.828455,889.631,-20.6534,41.3069,102.399,-562.943,-3.4,355.717,60.9485,25.0593,25.0002,0.500042
0.118,0.0507178,0.834697,889.631,-20.6559,41.3117,102.424,-568.153,-3.4,360.928,60.9485,25.0598,25.0002,0.500042
0.119,0.0515555,0.840918,889.63,-20.6583,41.3166,102.448,-573.348,-3.4,366.123,60.9485,25.0603,25.0002,0.500043
0.12,0.0523993,0.847118,889.63,-20.6608,41.3216,102.473,-578.527,-3.4,371.302,60.9486,25.0609,25.0002,0.500043
0.121,0.0532494,0.853297,889.63,-20.6633,41.3266,102.498,-583.69,-3.4,376.465,60.9486,25.0614,25.0002,0.500044
0.122,0.0541056,0.859455,889.63,-20.6658,41.3316,102.523,-588.837,-3.4,381.612,60.9486,25.0619,25.0003,0.500044
0.123,0.054968,0.865591,889.63,-20.6683,41.3367,102.548,-593.969,-3.4,386.744,60.9486,25.0624,25.0003,0.500045
0.124,0.0558365,0.871705,889.63,-20.6709,41.3418,102.574,-599.084,-3.4,391.859,60.9486,25.0629,25.0003,0.500045
0.125,0.0567111,0.877798,889.63,-20.6735,41.3469,102.6,-604.183,-3.4,396.958,60.9486,25.0634,25.0003,0.500046
0.126,0.0575917,0.883869,889.63,-20.6761,41.3521,102.626,-609.265,-3.4,402.04,60.9486,25.0639,25.0003,0.500047
0.127,0.0584785,0.889917,889.63,-20.6787,41.3574,102.652,-614.331,-3.4,407.106,60.9486,25.0644,25.0003,0.500047
0.128,0.0593713,0.895944,889.629,-20.6813,41.3627,102.678,-619.381,-3.4,412.155,60.9486,25.065,25.0003,0.500048
0.129,0.0602701,0.901947,889.629,-20.684,41.368,102.705,-624.413,-3.4,417.188,60.9486,25.0655,25.0003,0.500048
0.13,0.0611749,0.907929,889.629,-20.6867,41.3733,102.732,-629.429,-3.4,422.204,60.9486,25.066,25.0003,0.500049
0.131,0.0620856,0.913888,889.629,-20.6894,41.3787,102.759,-634.428,-3.4,427.202,60.9486,25.0665,25.0003,0.500049
0.132,0.0630023,0.919823,889.629,-20.6921,41.3842,102.786,-639.409,-3.4,432.184,60.9486,25.067,25.0003,0.50005
0.133,0.063925,0.925736,889.629,-20.6948,41.3896,102.813,-644.373,-3.4,437.148,60.9486,25.0675,25.0003,0.50005
0.134,0.0648535,0.931626,889.629,-20.6976,41.3951,102.841,-649.32,-3.4,442.095,60.9487,25.068,25.0003,0.500051
0.135,0.0657879,0.937492,889.629,-20.7003,41.4007,102.869,-654.25,-3.4,447.024,60.9487,25.0685,25.0003,0.500052
0.136,0.0667282,0.943335,889.629,-20.7031,41.4063,102.897,-659.162,-3.4,451.936,60.9487,25.0691,25.0003,0.500052
0.137,0.0676743,0.949155,889.628,-20.706,41.4119,102.925,-664.056,-3.4,456.83,60.9487,25.0696,25.0003,0.500053
0.138,0.0686262,0.95495,889.628,-20.7088,41.4176,102.953,-668.932,-3.4,461.707,60.9487,25.0701,25.0003,0.500053
0.139,0.0695839,0.960722,889.628,-20.7116,41.4233,102.982,-673.791,-3.4,466.565,60.9487,25.0706,25.0003,0.500054
0.14,0.0705473,0.96647,889.628,-20.7145,41.4291,103.011,-678.631,-3.4,471.406,60.9487,25.0711,25.0003,0.500054
0.141,0.0715165,0.972194,889.628,-20.7174,41.4348,103.04,-683.453,-3.4,476.228,60.9487,25.0716,25.0003,0.500055
0.142,0.0724914,0.977893,889.628,-20.7203,41.4407,103.069,-688.257,-3.4,481.032,60.9487,25.0721,25.0003,0.500055
0.143,0.073472,0.983568,889.628,-20.7233,41.4465,103.098,-693.043,-3.4,485.817,60.9487,25.0727,25.0004,0.500056
0.144,0.0744583,0.989218,889.628,-20.7262,41.4524,103.128,-697.81,-3.4,490.584,60.9487,25.0732,25.0004,0.500057
0.145,0.0754502,0.994843,889.628,-20.7292,41.4584,103.158,-702.558,-3.4,495.332,60.9487,25.0737,25.0004,0.500057
0.146,0.0764477,1.00044,889.628,-20.7322,41.4643,103.188,-707.288,-3.4,500.062,60.9487,25.0742,25.0004,0.500058
0.147,0.0774508,1.00602,889.627,-20.7352,41.4704,103.218,-711.998,-3.4,504.773,60.9487,25.0747,25.0004,0.500058
0.148,0.0784594,1.01157,889.627,-20.7382,41.4764,103.248,-716.69,-3.4,509.464,60.9488,25.0752,25.0004,0.500059
0.149,0.0794736,1.0171,889.627,-20.7412,41.4825,103.279,-721.363,-3.4,514.137,60.9488,25.0757,25.0004,0.500059
0.15,0.0804933,1.0226,889.627,-20.7443,41.4886,103.309,-726.016,-3.4,518.791,60.9488,25.0763,25.0004,0.50006
0.151,0.0815185,1.02807,889.627,-20.7474,41.4948,103.34,-730.65,-3.4,523.425,60.9488,25.0768,25.0004,0.50006
0.152,0.0825492,1.03352,889.627,-20.7505,41.501,103.371,-735.265,-3.4,528.039,60.9488,25.0773,25.0004,0.500061
0.153,0.0835853,1.03894,889.627,-20.7536,41.5072,103.403,-739.86,-3.4,532.634,60.9488,25.0778,25.0004,0.500062
0.154,0.0846268,1.04434,889.627,-20.7567,41.5135,103.434,-744.436,-3.4,537.21,60.9488,25.0783,25.0004,0.500062
0.155,0.0856737,1.04971,889.627,-20.7599,41.5198,103.466,-748.992,-3.4,541.766,60.9488,25.0788,25.0004,0.500063
0.156,0.0867259,1.05505,889.627,-20.7631,41.5262,103.498,-753.527,-3.4,546.302,60.9488,25.0793,25.0004,0.500063
0.157,0.0877835,1.06037,889.626,-20.7663,41.5325,103.53,-758.043,-3.4,550.817,60.9488,25.0799,25.0004,0.500064
0.158,0.0888464,1.06566,889.626,-20.7695,41.539,103.562,-762.539,-3.4,555.313,60.9488,25.0804,25.0004,0.500064
0.159,0.0899146,1.07093,889.626,-20.7727,41.5454,103.594,-767.015,-3.4,559.789,60.9488,25.0809,25.0004,0.500065
0.16,0.090988,1.07616,889.626,-20.7759,41.5519,103.627,-771.47,-3.4,564.244,60.9488,25.0814,25.0004,0.500065
0.161,0.0920666,1.08138,889.626,-20.7792,41.5584,103.66,-775.905,-3.4,568.679,60.9488,25.0819,25.0005,0.500066
0.162,0.0931505,1.08656,889.626,-20.7825,41.565,103.692,-780.319,-3.4,573.093,60.9489,25.0824,25.0005,0.500067
0.163,0.0942395,1.09172,889.626,-20.7858,41.5716,103.726,-784.712,-3.4,577.486,60.9489,25.083,25.0005,0.500067
0.164,0.0953336,1.09685,889.626,-20.7891,41.5782,103.759,-789.085,-3.4,581.859,60.9489,25.0835,25.0005,0.500068
0.165,0.0964329,1.10195,889.626,-20.7924,41.5849,103.792,-793.437,-3.4,586.211,60.9489,25.084,25.0005,0.500068
0.166,0.0975373,1.10702,889.626,-20.7958,41.5916,103.826,-797.768,-3.4,590.542,60.9489,25.0845,25.0005,0.500069
0.167,0.0986467,1.11207,889.625,-20.7991,41.5983,103.86,-802.078,-3.4,594.852,60.9489,25.085,25.0005,0.500069
0.168,0.0997612,1.11709,889.625,-20.8025,41.6051,103.894,-806.366,-3.4,599.14,60.9489,25.0856,25.0005,0.50007
0.169,0.100881,1.12208,889.625,-20.8059,41.6119,103.928,-810.634,-3.4,603.407,60.9489,25.0861,25.0005,0.50007
0.17,0.102005,1.12704,889.625,-20.8093,41.6187,103.962,-814.88,-3.4,607.653,60.9489,25.0866,25.0005,0.500071
0.171,0.103134,1.13198,889.625,-20.8128,41.6256,103.997,-819.104,-3.4,611.878,60.9489,25.0871,25.0005,0.500072
0.172,0.104269,1.13689,889.625,-20.8162,41.6325,104.032,-823.307,-3.4,616.08,60.9489,25.0876,25.0005,0.500072
0.173,0.105408,1.14176,889.625,-20.8197,41.6394,104.067,-827.488,-3.4,620.261,60.9489,25.0881,25.0005,0.500073
0.174,0.106552,1.14661,889.625,-20.8232,41.6464,104.102,-831.647,-3.4,624.42,60.9489,25.0887,25.0005,0.500073
0.175,0.107701,1.15144,889.625,-20.8267,41.6534,104.137,-835.784,-3.4,628.557,60.9489,25.0892,25.0005,0.500074
0.176,0.108855,1.15623,889.625,-20.8302,41.6604,104.172,-839.899,-3.4,632.673,60.949,25.0897,25.0005,0.500074
0.177,0.110013,1.16099,889.625,-20.8337,41.6675,104.208,-843.992,-3.4,636.765,60.949,25.0902,25.0006,0.500075
0.178,0.111176,1.16573,889.624,-20.8373,41.6746,104.243,-848.063,-3.4,640.836,60.949,25.0907,25.0006,0.500075
0.179,0.112344,1.17043,889.624,-20.8409,41.6817,104.279,-852.111,-3.4,644.884,60.949,25.0913,25.0006,0.500076
0.18,0.113517,1.17511,889.624,-20.8444,41.6889,104.315,-856.137,-3.4,648.91,60.949,25.0918,25.0006,0.500077
0.181,0.114694,1.17975,889.624,-20.848,41.6961,104.352,-860.14,-3.4,652.913,60.949,25.0923,25.0006,0.500077
0.182,0.115876,1.18437,889.624,-20.8516,41.7033,104.388,-864.12,-3.4,656.894,60.949,25.0928,25.0006,0.500078
0.183,0.117063,1.18896,889.624,-20.8553,41.7106,104.425,-868.078,-3.4,660.851,60.949,25.0933,25.0006,0.500078
0.184,0.118254,1.19352,889.624,-20.8589,41.7179,104.461,-872.013,-3.4,664.786,60.949,25.0939,25.0006,0.500079
0.185,0.11945,1.19804,889.624,-20.8626,41.7252,104.498,-875.925,-3.4,668.698,60.949,25.0944,25.0006,0.500079
0.186,0.12065,1.20254,889.624,-20.8663,41.7325,104.535,-879.813,-3.4,672.587,60.949,25.0949,25.0006,0.50008
0.187,0.121854,1.20701,889.624,-20.87,41.7399,104.573,-883.679,-3.4,676.452,60.949,25.0954,25.0006,0.50008
0.188,0.123064,1.21145,889.624,-20.8737,41.7474,104.61,-887.521,-3.4,680.294,60.949,25.0959,25.0006,0.500081
0.189,0.124277,1.21586,889.623,-20.8774,41.7548,104.647,-891.34,-3.4,684.113,60.949,25.0965,25.0006,0.500082
0.19,0.125495,1.22023,889.623,-20.8811,41.7623,104.685,-895.135,-3.4,687.908,60.9491,25.097,25.0006,0.500082
0.191,0.126717,1.22458,889.623,-20.8849,41.7698,104.723,-898.906,-3.4,691.68,60.9491,25.0975,25.0006,0.500083
0.192,0.127944,1.22889,889.623,-20.8886,41.7773,104.761,-902.654,-3.4,695.428,60.9491,25.098,25.0007,0.500083
0.193,0.129175,1.23318,889.623,-20.8924,41.7849,104.799,-906.378,-3.4,699.152,60.9491,25.0986,25.0007,0.500084
0.194,0.13041,1.23743,889.623,-20.8962,41.7925,104.837,-910.079,-3.4,702.852,60.9491,25.0991,25.0007,0.500084
0.195,0.13165,1.24166,889.623,-20.9,41.8001,104.876,-913.755,-3.4,706.528,60.9491,25.0996,25.0007,0.500085
0.196,0.132893,1.24585,889.623,-20.9039,41.8078,104.915,-917.407,-3.4,710.18,60.9491,25.1001,25.0007,0.500085
0.197,0.134141,1.25001,889.623,-20.9077,41.8154,104.953,-921.035,-3.4,713.808,60.9491,25.1006,25.0007,0.500086
0.198,0.135393,1.25414,889.623,-20.9116,41.8232,104.992,-924.638,-3.4,717.411,60.9491,25.1012,25.0007,0.500087
0.199,0.136649,1.25824,889.623,-20.9154,41.8309,105.031,-928.217,-3.4,720.99,60.9491,25.1017,25.0007,0.500087
0.2,0.137909,1.26231,889.623,-20.9193,41.8387,105.071,-931.772,-3.4,724.545,60.9491,25.1022,25.0007,0.500088
0.201,0.139174,1.26634,889.622,-20.9232,41.8465,105.11,-935.302,-3.4,728.075,60.9491,25.1027,25.0007,0.500088
0.202,0.140442,1.27035,889.622,-20.9271,41.8543,105.15,-938.807,-3.4,731.58,60.9491,25.1033,25.0007,0.500089
0.203,0.141714,1.27432,889.622,-20.9311,41.8621,105.189,-942.288,-3.4,735.061,60.9491,25.1038,25.0007,0.500089
0.204,0.14299,1.27826,889.622,-20.935,41.87,105.229,-945.744,-3.4,738.517,60.9492,25.1043,25.0007,0.50009
0.205,0.14427,1.28217,889.622,-20.9389,41.8779,105.269,-949.174,-3.4,741.947,60.9492,25.1048,25.0007,0.50009
0.206,0.145554,1.28604,889.622,-20.9429,41.8859,105.309,-952.58,-3.4,745.353,60.9492,25.1054,25.0008,0.500091
0.207,0.146842,1.28989,889.622,-20.9469,41.8938,105.349,-955.96,-3.4,748.733,60.9492,25.1059,25.0008,0.500092
0.208,0.148134,1.2937,889.622,-20.9509,41.9018,105.39,-959.316,-3.4,752.088,60.9492,25.1064,25.0008,0.500092
0.209,0.149429,1.29748,889.622,-20.9549,41.9098,105.43,-962.645,-3.4,755.418,60.9492,25.1069,25.0008,0.500093
0.21,0.150729,1.30123,889.622,-20.9589,41.9179,105.471,-965.95,-3.4,758.722,60.9492,25.1075,25.0008,0.500093
0.211,0.152032,1.30494,889.622,-20.963,41.926,105.512,-969.229,-3.4,762.001,60.9492,25.108,25.0008,0.500094
0.212,0.153338,1.30862,889.622,-20.967,41.934,105.553,-972.482,-3.4,765.254,60.9492,25.1085,25.0008,0.500094
0.213,0.154649,1.31227,889.622,-20.9711,41.9422,105.594,-975.709,-3.4,768.482,60.9492,25.109,25.0008,0.500095
0.214,0.155963,1.31589,889.622,-20.9751,41.9503,105.635,-978.911,-3.4,771.683,60.9492,25.1096,25.0008,0.500095
0.215,0.15728,1.31947,889.621,-20.9792,41.9585,105.677,-982.087,-3.4,774.859,60.9492,25.1101,25.0008,0.500096
0.216,0.158601,1.32303,889.621,-20.9833,41.9667,105.718,-985.236,-3.4,778.009,60.9492,25.1106,25.0008,0.500097
0.217,0.159926,1.32654,889.621,-20.9874,41.9749,105.76,-988.36,-3.4,781.132,60.9492,25.1111,25.0008,0.500097
0.218,0.161254,1.33003,889.621,-20.9916,41.9832,105.802,-991.457,-3.4,784.23,60.9493,25.1117,25.0008,0.500098
0.219,0.162586,1.33348,889.621,-20.9957,41.9914,105.843,-994.529,-3.4,787.301,60.9493,25.1122,25.0008,0.500098
0.22,0.163921,1.3369,889.621,-20.9998,41.9997,105.885,-997.573,-3.4,790.346,60.9493,25.1127,25.0009,0.500099
0.221,0.16526,1.34028,889.621,-21.004,42.008,105.928,-1000.59,-3.4,793.364,60.9493,25.1133,25.0009,0.500099
0.222,0.166602,1.34363,889.621,-21.0082,42.0164,105.97,-1003.58,-3.4,796.356,60.9493,25.1138,25.0009,0.5001
0.223,0.167947,1.34695,889.621,-21.0124,42.0248,106.012,-1006.55,-3.4,799.321,60.9493,25.1143,25.0009,0.5001
0.224,0.169295,1.35023,889.621,-21.0166,42.0331,106.055,-1009.49,-3.4,802.26,60.9493,25.1148,25.0009,0.500101
0.225,0.170647,1.35348,889.621,-21.0208,42.0416,106.098,-1012.4,-3.4,805.172,60.9493,25.1154,25.0009,0.500102
0.226,0.172002,1.3567,889.621,-21.025,42.05,106.14,-1015.28,-3.4,808.057,60.9493,25.1159,25.0009,0.500102
0.227,0.17336,1.35988,889.621,-21.0292,42.0585,106.183,-1018.14,-3.4,810.914,60.9493,25.1164,25.0009,0.500103
0.228,0.174722,1.36303,889.621,-21.0334,42.0669,106.226,-1020.97,-3.4,813.745,60.9493,25.117,25.0009,0.500103
0.229,0.176086,1.36614,889.621,-21.0377,42.0755,106.27,-1023.78,-3.4,816.549,60.9493,25.1175,25.0009,0.500104
0.23,0.177454,1.36922,889.62,-21.042,42.084,106.313,-1026.55,-3.4,819.326,60.9493,25.118,25.0009,0.500104
0.231,0.178824,1.37227,889.62,-21.0462,42.0925,106.356,-1029.3,-3.4,822.075,60.9493,25.1185,25.0009,0.500105
0.232,0.180198,1.37528,889.62,-21.0505,42.1011,106.4,-1032.02,-3.4,824.797,60.9494,25.1191,25.001,0.500105
0.233,0.181575,1.37826,889.62,-21.0548,42.1097,106.444,-1034.72,-3.4,827.491,60.9494,25.1196,25.001,0.500106
0.234,0.182954,1.3812,889.62,-21.0591,42.1183,106.487,-1037.39,-3.4,830.158,60.9494,25.1201,25.001,0.500107
0.235,0.184337,1.38411,889.62,-21.0635,42.127,106.531,-1040.03,-3.4,832.797,60.9494,25.1207,25.001,0.500107
0.236,0.185723,1.38698,889.62,-21.0678,42.1356,106.575,-1042.64,-3.4,835.409,60.9494,25.1212,25.001,0.500108
0.237,0.187111,1.38982,889.62,-21.0721,42.1443,106.619,-1045.22,-3.4,837.992,60.9494,25.1217,25.001,0.500108
0.238,0.188502,1.39262,889.62,-21.0765,42.153,106.664,-1047.78,-3.4,840.548,60.9494,25.1223,25.001,0.500109
0.239,0.189896,1.39539,889.62,-21.0808,42.1617,106.708,-1050.3,-3.4,843.076,60.9494,25.1228,25.001,0.500109
0.24,0.191293,1.39813,889.62,-21.0852,42.1704,106.753,-1052.8,-3.4,845.576,60.9494,25.1233,25.001,0.50011
0.241,0.192692,1.40083,889.62,-21.0896,42.1792,106.797,-1055.28,-3.4,848.048,60.9494,25.1239,25.001,0.50011
0.242,0.194094,1.40349,889.62,-21.094,42.188,106.842,-1057.72,-3.4,850.492,60.9494,25.1244,25.001,0.500111
0.243,0.195499,1.40612,889.62,-21.0984,42.1968,106.887,-1060.14,-3.4,852.907,60.9494,25.1249,25.001,0.500112
0.244,0.196906,1.40871,889.62,-21.1028,42.2056,106.931,-1062.52,-3.4,855.294,60.9494,25.1255,25.001,0.500112
0.245,0.198316,1.41127,889.62,-21.1072,42.2144,106.976,-1064.88,-3.4,857.653,60.9494,25.126,25.0011,0.500113
0.246,0.199729,1.4138,889.62,-21.1116,42.2233,107.022,-1067.21,-3.4,859.983,60.9494,25.1265,25.0011,0.500113
0.247,0.201144,1.41628,889.62,-21.1161,42.2322,107.067,-1069.51,-3.4,862.285,60.9495,25.127,25.0011,0.500114
0.248,0.202561,1.41874,889.619,-21.1205,42.2411,107.112,-1071.79,-3.4,864.558,60.9495,25.1276,25.0011,0.500114
0.249,0.203981,1.42115,889.619,-21.125,42.25,107.158,-1074.03,-3.4,866.802,60.9495,25.1281,25.0011,0.500115
0.25,0.205403,1.42354,889.619,-21.1294,42.2589,107.203,-1076.25,-3.4,869.018,60.9495,25.1287,25.0011,0.500115
0.251,0.206828,1.42588,889.619,-21.1339,42.2679,107.249,-1078.43,-3.4,871.205,60.9495,25.1292,25.0011,0.500116
0.252,0.208255,1.42819,889.619,-21.1384,42.2768,107.294,-1080.59,-3.4,873.363,60.9495,25.1297,25.0011,0.500117
0.253,0.209684,1.43047,889.619,-21.1429,42.2858,107.34,-1082.72,-3.4,875.491,60.9495,25.1303,25.0011,0.500117
0.254,0.211116,1.43271,889.619,-21.1474,42.2948,107.386,-1084.82,-3.4,877.591,60.9495,25.1308,25.0011,0.500118
0.255,0.212549,1.43491,889.619,-21.1519,42.3038,107.432,-1086.89,-3.4,879.662,60.9495,25.1313,25.0011,0.500118
0.256,0.213985,1.43708,889.619,-21.1564,42.3129,107.478,-1088.93,-3.4,881.704,60.9495,25.1319,25.0012,0.500119
0.257,0.215424,1.43921,889.619,-21.1609,42.3219,107.525,-1090.94,-3.4,883.716,60.9495,25.1324,25.0012,0.500119
0.258,0.216864,1.4413,889.619,-21.1655,42.331,107.571,-1092.93,-3.4,885.699,60.9495,25.1329,25.0012,0.50012
0.259,0.218306,1.44336,889.619,-21.17,42.34,107.617,-1094.88,-3.4,887.652,60.9495,25.1335,25.0012,0.50012
0.26,0.21975,1.44539,889.619,-21.1745,42.3491,107.664,-1096.8,-3.4,889.576,60.9495,25.134,25.0012,0.500121
0.261,0.221197,1.44737,889.619,-21.1791,42.3583,107.71,-1098.7,-3.4,891.471,60.9496,25.1345,25.0012,0.500122
0.262,0.222645,1.44933,889.619,-21.1837,42.3674,107.757,-1100.56,-3.4,893.336,60.9496,25.1351,25.0012,0.500122
0.263,0.224095,1.45124,889.619,-21.1882,42.3765,107.804,-1102.4,-3.4,895.171,60.9496,25.1356,25.0012,0.500123
0.264,0.225547,1.45312,889.619,-21.1928,42.3857,107.85,-1104.21,-3.4,896.977,60.9496,25.1361,25.0012,0.500123
0.265,0.227001,1.45496,889.619,-21.1974,42.3949,107.897,-1105.98,-3.4,898.752,60.9496,25.1367,25.0012,0.500124
0.266,0.228457,1.45677,889.619,-21.202,42.404,107.944,-1107.73,-3.4,900.498,60.9496,25.1372,25.0012,0.500124
0.267,0.229915,1.45854,889.619,-21.2066,42.4132,107.991,-1109.44,-3.4,902.214,60.9496,25.1378,25.0012,0.500125
0.268,0.231374,1.46027,889.619,-21.2112,42.4225,108.039,-1111.13,-3.4,903.901,60.9496,25.1383,25.0013,0.500125
0.269,0.232835,1.46197,889.619,-21.2158,42.4317,108.086,-1112.79,-3.4,905.557,60.9496,25.1388,25.0013,0.500126
0.27,0.234298,1.46363,889.619,-21.2204,42.4409,108.133,-1114.41,-3.4,907.183,60.9496,25.1394,25.0013,0.500127
0.271,0.235762,1.46525,889.618,-21.2251,42.4502,108.181,-1116.01,-3.4,908.778,60.9496,25.1399,25.0013,0.500127
0.272,0.237228,1.46684,889.618,-21.2297,42.4594,108.228,-1117.57,-3.4,910.344,60.9496,25.1404,25.0013,0.500128
0.273,0.238696,1.46839,889.618,-21.2343,42.4687,108.276,-1119.11,-3.4,911.879,60.9496,25.141,25.0013,0.500128
0.274,0.240165,1.4699,889.618,-21.239,42.478,108.323,-1120.61,-3.4,913.384,60.9496,25.1415,25.0013,0.500129
0.275,0.241636,1.47138,889.618,-21.2436,42.4873,108.371,-1122.09,-3.4,914.859,60.9497,25.1421,25.0013,0.500129
0.276,0.243108,1.47282,889.618,-21.2483,42.4966,108.419,-1123.53,-3.4,916.303,60.9497,25.1426,25.0013,0.50013
0.277,0.244581,1.47422,889.618,-21.2529,42.506,108.466,-1124.95,-3.4,917.717,60.9497,25.1431,25.0013,0.50013
0.278,0.246056,1.47558,889.618,-21.2576,42.5153,108.514,-1126.33,-3.4,919.1,60.9497,25.1437,25.0013,0.500131
0.279,0.247532,1.47691,889.618,-21.2623,42.5247,108.562,-1127.68,-3.4,920.452,60.9497,25.1442,25.0014,0.500132
0.28,0.24901,1.47821,889.618,-21.267,42.534,108.61,-1129,-3.4,921.774,60.9497,25.1448,25.0014,0.500132
0.281,0.250489,1.47946,889.618,-21.2717,42.5434,108.658,-1130.29,-3.4,923.065,60.9497,25.1453,25.0014,0.500133
0.282,0.251969,1.48068,889.618,-21.2764,42.5528,108.707,-1131.55,-3.4,924.326,60.9497,25.1458,25.0014,0.500133
0.283,0.25345,1.48186,889.618,-21.281,42.5622,108.755,-1132.78,-3.4,925.555,60.9497,25.1464,25.0014,0.500134
0.284,0.254932,1.48301,889.618,-21.2858,42.5716,108.803,-1133.98,-3.4,926.754,60.9497,25.1469,25.0014,0.500134
0.285,0.256416,1.48411,889.618,-21.2905,42.581,108.851,-1135.15,-3.4,927.922,60.9497,25.1475,25.0014,0.500135
0.286,0.257901,1.48518,889.618,-21.2952,42.5904,108.9,-1136.29,-3.4,929.058,60.9497,25.148,25.0014,0.500135
0.287,0.259386,1.48622,889.618,-21.2999,42.5998,108.948,-1137.39,-3.4,930.164,60.9497,25.1486,25.0014,0.500136
0.288,0.260873,1.48721,889.618,-21.3046,42.6093,108.997,-1138.47,-3.4,931.239,60.9497,25.1491,25.0014,0.500137
0.289,0.262361,1.48817,889.618,-21.3093,42.6187,109.046,-1139.51,-3.4,932.283,60.9498,25.1496,25.0014,0.500137
0.29,0.263849,1.48909,889.618,-21.3141,42.6282,109.094,-1140.52,-3.4,933.295,60.9498,25.1502,25.0015,0.500138
0.291,0.265339,1.48998,889.618,-21.3188,42.6377,109.143,-1141.51,-3.4,934.276,60.9498,25.1507,25.0015,0.500138
0.292,0.266829,1.49082,889.618,-21.3235,42.6471,109.192,-1142.46,-3.4,935.226,60.9498,25.1513,25.0015,0.500139
0.293,0.26832,1.49163,889.618,-21.3283,42.6566,109.24,-1143.37,-3.4,936.145,60.9498,25.1518,25.0015,0.500139
0.294,0.269812,1.49241,889.618,-21.333,42.6661,109.289,-1144.26,-3.4,937.032,60.9498,25.1524,25.0015,0.50014
0.295,0.271305,1.49314,889.618,-21.3378,42.6756,109.338,-1145.12,-3.4,937.888,60.9498,25.1529,25.0015,0.50014
0.296,0.272799,1.49384,889.618,-21.3425,42.6851,109.387,-1145.94,-3.4,938.713,60.9498,25.1534,25.0015,0.500141
0.297,0.274293,1.4945,889.618,-21.3473,42.6946,109.436,-1146.74,-3.4,939.506,60.9498,25.154,25.0015,0.500142
0.298,0.275787,1.49512,889.618,-21.352,42.7042,109.485,-1147.5,-3.4,940.268,60.9498,25.1545,25.0015,0.500142
0.299,0.277283,1.49571,889.618,-21.3568,42.7137,109.534,-1148.23,-3.4,940.998,60.9498,25.1551,25.0015,0.500143
0.3,0.278779,1.49626,889.618,-21.3616,42.7232,109.583,-1148.93,-3.4,941.696,60.9498,25.1556,25.0015,0.500143
0.301,0.280275,1.49677,889.618,-21.3663,42.7328,109.633,-1149.59,-3.4,942.363,60.9498,25.1562,25.0016,0.500144
0.302,0.281772,1.49724,889.618,-21.3711,42.7423,109.682,-1150.23,-3.4,942.998,60.9498,25.1567,25.0016,0.500144
0.303,0.28327,1.49768,889.618,-21.3759,42.7519,109.731,-1150.83,-3.4,943.602,60.9499,25.1573,25.0016,0.500145
0.304,0.284768,1.49807,889.618,-21.3807,42.7614,109.78,-1151.4,-3.4,944.174,60.9499,25.1578,25.0016,0.500145
0.305,0.286266,1.49844,889.618,-21.3855,42.771,109.83,-1151.94,-3.4,944.714,60.9499,25.1584,25.0016,0.500146
0.306,0.287764,1.49876,889.618,-21.3902,42.7806,109.879,-1152.45,-3.4,945.222,60.9499,25.1589,25.0016,0.500147
0.307,0.289263,1.49905,889.618,-21.395,42.7901,109.929,-1152.93,-3.4,945.698,60.9499,25.1595,25.0016,0.500147
0.308,0.290763,1.49929,889.618,-21.3998,42.7997,109.978,-1153.37,-3.4,946.143,60.9499,25.16,25.0016,0.500148
0.309,0.292262,1.49951,889.618,-21.4046,42.8093,110.027,-1153.78,-3.4,946.555,60.9499,25.1605,25.0016,0.500148
0.31,0.293762,1.49968,889.618,-21.4094,42.8189,110.077,-1154.17,-3.4,946.936,60.9499,25.1611,25.0016,0.500149
0.311,0.295261,1.49982,889.618,-21.4142,42.8285,110.127,-1154.51,-3.4,947.285,60.9499,25.1616,25.0016,0.500149
0.312,0.296761,1.49991,889.618,-21.419,42.8381,110.176,-1154.83,-3.4,947.601,60.9499,25.1622,25.0017,0.50015
0.313,0.298261,1.49998,889.618,-21.4238,42.8476,110.226,-1155.12,-3.4,947.886,60.9499,25.1627,25.0017,0.50015
0.314,0.299761,1.5,889.618,-21.4286,42.8572,110.275,-1155.37,-3.4,948.138,60.9499,25.1633,25.0017,0.500151
0.315,0.301261,1.49999,889.618,-21.4334,42.8668,110.325,-1155.59,-3.4,948.359,60.9499,25.1638,25.0017,0.500152
0.316,0.302761,1.49993,889.618,-21.4382,42.8765,110.375,-1155.78,-3.4,948.547,60.9499,25.1644,25.0017,0.500152
0.317,0.304261,1.49985,889.618,-21.443,42.8861,110.424,-1155.93,-3.4,948.704,60.95,25.1649,25.0017,0.500153
0.318,0.305761,1.49972,889.617,-21.4478,42.8957,110.474,-1156.06,-3.4,948.828,60.95,25.1655,25.0017,0.500153
0.319,0.30726,1.49956,889.617,-21.4526,42.9053,110.524,-1156.15,-3.4,948.92,60.95,25.166,25.0017,0.500154
0.32,0.30876,1.49935,889.617,-21.4574,42.9149,110.574,-1156.21,-3.4,948.979,60.95,25.1666,25.0017,0.500154
0.321,0.310259,1.49912,889.617,-21.4622,42.9245,110.623,-1156.24,-3.4,949.007,60.95,25.1671,25.0017,0.500155
0.322,0.311758,1.49884,889.617,-21.467,42.9341,110.673,-1156.23,-3.4,949.002,60.95,25.1677,25.0017,0.500155
0.323,0.313257,1.49853,889.617,-21.4718,42.9437,110.723,-1156.19,-3.4,948.965,60.95,25.1682,25.0018,0.500156
0.324,0.314755,1.49818,889.617,-21.4766,42.9533,110.773,-1156.13,-3.4,948.895,60.95,25.1688,25.0018,0.500157
0.325,0.316253,1.49779,889.617,-21.4814,42.963,110.823,-1156.02,-3.4,948.794,60.95,25.1693,25.0018,0.500157
0.326,0.317751,1.49736,889.617,-21.4862,42.9726,110.873,-1155.89,-3.4,948.66,60.95,25.1699,25.0018,0.500158
0.327,0.319248,1.4969,889.617,-21.491,42.9822,110.922,-1155.72,-3.4,948.493,60.95,25.1704,25.0018,0.500158
0.328,0.320745,1.4964,889.617,-21.4959,42.9918,110.972,-1155.52,-3.4,948.294,60.95,25.171,25.0018,0.500159
0.329,0.322241,1.49586,889.617,-21.5007,43.0014,111.022,-1155.29,-3.4,948.063,60.95,25.1715,25.0018,0.500159
0.33,0.323736,1.49528,889.617,-21.5055,43.011,111.072,-1155.03,-3.4,947.8,60.95,25.1721,25.0018,0.50016
0.331,0.325231,1.49467,889.617,-21.5103,43.0206,111.122,-1154.73,-3.4,947.504,60.9501,25.1726,25.0018,0.50016
0.332,0.326726,1.49402,889.617,-21.5151,43.0303,111.172,-1154.41,-3.4,947.175,60.9501,25.1732,25.0018,0.500161
0.333,0.328219,1.49333,889.617,-21.5199,43.0399,111.222,-1154.04,-3.4,946.814,60.9501,25.1738,25.0018,0.500162
0.334,0.329712,1.49261,889.617,-21.5247,43.0495,111.272,-1153.65,-3.4,946.421,60.9501,25.1743,25.0019,0.500162
0.335,0.331205,1.49184,889.618,-21.5295,43.0591,111.322,-1153.23,-3.4,945.995,60.9501,25.1749,25.0019,0.500163
0.336,0.332696,1.49104,889.618,-21.5343,43.0687,111.371,-1152.77,-3.4,945.537,60.9501,25.1754,25.0019,0.500163
0.337,0.334187,1.49021,889.618,-21.5391,43.0783,111.421,-1152.28,-3.4,945.046,60.9501,25.176,25.0019,0.500164
0.338,0.335676,1.48933,889.618,-21.5439,43.0879,111.471,-1151.75,-3.4,944.523,60.9501,25.1765,25.0019,0.500164
0.339,0.337165,1.48842,889.618,-21.5487,43.0975,111.521,-1151.2,-3.4,943.967,60.9501,25.1771,25.0019,0.500165
0.34,0.338653,1.48747,889.618,-21.5535,43.1071,111.571,-1150.61,-3.4,943.379,60.9501,25.1776,25.0019,0.500165
0.341,0.34014,1.48649,889.618,-21.5583,43.1167,111.621,-1149.99,-3.4,942.758,60.9501,25.1782,25.0019,0.500166
0.342,0.341626,1.48546,889.618,-21.5631,43.1262,111.671,-1149.33,-3.4,942.104,60.9501,25.1787,25.0019,0.500167
0.343,0.343111,1.4844,889.618,-21.5679,43.1358,111.721,-1148.65,-3.4,941.418,60.9501,25.1793,25.0019,0.500167
0.344,0.344595,1.48331,889.618,-21.5727,43.1454,111.77,-1147.93,-3.4,940.7,60.9501,25.1799,25.0019,0.500168
0.345,0.346078,1.48217,889.618,-21.5774,43.155,111.82,-1147.18,-3.4,939.949,60.9502,25.1804,25.002,0.500168
0.346,0.34756,1.481,889.618,-21.5822,43.1645,111.87,-1146.4,-3.4,939.165,60.9502,25.181,25.002,0.500169
0.347,0.34904,1.47979,889.618,-21.587,43.1741,111.92,-1145.58,-3.4,938.349,60.9502,25.1815,25.002,0.500169
0.348,0.350519,1.47855,889.618,-21.5918,43.1837,111.97,-1144.73,-3.4,937.501,60.9502,25.1821,25.002,0.50017
0.349,0.351997,1.47726,889.618,-21.5966,43.1932,112.02,-1143.85,-3.4,936.619,60.9502,25.1826,25.002,0.50017
0.35,0.353474,1.47595,889.618,-21.6013,43.2028,112.069,-1142.94,-3.4,935.706,60.9502,25.1832,25.002,0.500171
0.351,0.354949,1.47459,889.618,-21.6061,43.2123,112.119,-1141.99,-3.4,934.759,60.9502,25.1838,25.002,0.500172
0.352,0.356423,1.4732,889.618,-21.6109,43.2218,112.169,-1141.01,-3.4,933.78,60.9502,25.1843,25.002,0.500172
0.353,0.357896,1.47177,889.618,-21.6156,43.2314,112.219,-1140,-3.4,932.769,60.9502,25.1849,25.002,0.500173
0.354,0.359367,1.4703,889.618,-21.6204,43.2409,112.268,-1138.96,-3.4,931.725,60.9502,25.1854,25.002,0.500173
0.355,0.360836,1.4688,889.618,-21.6251,43.2504,112.318,-1137.88,-3.4,930.649,60.9502,25.186,25.002,0.500174
0.356,0.362304,1.46726,889.618,-21.6299,43.2599,112.367,-1136.77,-3.4,929.54,60.9502,25.1865,25.0021,0.500174
0.357,0.363771,1.46568,889.618,-21.6347,43.2694,112.417,-1135.63,-3.4,928.398,60.9502,25.1871,25.0021,0.500175
0.358,0.365236,1.46407,889.618,-21.6394,43.2789,112.467,-1134.46,-3.4,927.224,60.9502,25.1877,25.0021,0.500175
0.359,0.366699,1.46242,889.618,-21.6441,43.2884,112.516,-1133.25,-3.4,926.018,60.9503,25.1882,25.0021,0.500176
0.36,0.368161,1.46073,889.618,-21.6489,43.2979,112.566,-1132.01,-3.4,924.779,60.9503,25.1888,25.0021,0.500177
0.361,0.369621,1.45901,889.618,-21.6536,43.3073,112.615,-1130.74,-3.4,923.508,60.9503,25.1893,25.0021,0.500177
0.362,0.371079,1.45725,889.618,-21.6583,43.3168,112.665,-1129.43,-3.4,922.204,60.9503,25.1899,25.0021,0.500178
0.363,0.372535,1.45545,889.618,-21.6631,43.3262,112.714,-1128.1,-3.4,920.867,60.9503,25.1905,25.0021,0.500178
0.364,0.37399,1.45362,889.618,-21.6678,43.3357,112.763,-1126.73,-3.4,919.499,60.9503,25.191,25.0021,0.500179
0.365,0.375442,1.45175,889.618,-21.6725,43.3451,112.813,-1125.33,-3.4,918.098,60.9503,25.1916,25.0021,0.500179
0.366,0.376893,1.44984,889.618,-21.6772,43.3545,112.862,-1123.9,-3.4,916.664,60.9503,25.1921,25.0021,0.50018
0.367,0.378342,1.4479,889.618,-21.6819,43.364,112.911,-1122.43,-3.4,915.198,60.9503,25.1927,25.0022,0.50018
0.368,0.379789,1.44592,889.618,-21.6866,43.3734,112.961,-1120.93,-3.4,913.7,60.9503,25.1933,25.0022,0.500181
0.369,0.381234,1.44391,889.618,-21.6913,43.3828,113.01,-1119.4,-3.4,912.169,60.9503,25.1938,25.0022,0.500182
0.37,0.382677,1.44186,889.618,-21.696,43.3921,113.059,-1117.84,-3.4,910.606,60.9503,25.1944,25.0022,0.500182
0.371,0.384118,1.43978,889.618,-21.7007,43.4015,113.108,-1116.24,-3.4,909.011,60.9503,25.1949,25.0022,0.500183
0.372,0.385557,1.43765,889.618,-21.7054,43.4109,113.157,-1114.61,-3.4,907.383,60.9503,25.1955,25.0022,0.500183
0.373,0.386993,1.4355,889.618,-21.7101,43.4202,113.206,-1112.95,-3.4,905.723,60.9504,25.1961,25.0022,0.500184
0.374,0.388428,1.4333,889.618,-21.7147,43.4296,113.255,-1111.26,-3.4,904.031,60.9504,25.1966,25.0022,0.500184
0.375,0.38986,1.43107,889.618,-21.7194,43.4389,113.304,-1109.54,-3.4,902.307,60.9504,25.1972,25.0022,0.500185
0.376,0.39129,1.42881,889.618,-21.724,43.4482,113.353,-1107.78,-3.4,900.55,60.9504,25.1978,25.0022,0.500185
0.377,0.392718,1.42651,889.618,-21.7287,43.4575,113.402,-1105.99,-3.4,898.761,60.9504,25.1983,25.0022,0.500186
0.378,0.394143,1.42417,889.618,-21.7333,43.4668,113.45,-1104.17,-3.4,896.941,60.9504,25.1989,25.0022,0.500187
0.379,0.395566,1.4218,889.618,-21.738,43.4761,113.499,-1102.32,-3.4,895.088,60.9504,25.1995,25.0023,0.500187
0.38,0.396987,1.41939,889.618,-21.7426,43.4854,113.548,-1100.43,-3.4,893.202,60.9504,25.2,25.0023,0.500188
0.381,0.398405,1.41695,889.618,-21.7472,43.4946,113.596,-1098.52,-3.4,891.285,60.9504,25.2006,25.0023,0.500188
0.382,0.399821,1.41447,889.619,-21.7519,43.5039,113.645,-1096.57,-3.4,889.336,60.9504,25.2011,25.0023,0.500189
0.383,0.401234,1.41195,889.619,-21.7565,43.5131,113.693,-1094.59,-3.4,887.355,60.9504,25.2017,25.0023,0.500189
0.384,0.402645,1.4094,889.619,-21.7611,43.5223,113.742,-1092.57,-3.4,885.342,60.9504,25.2023,25.0023,0.50019
0.385,0.404053,1.40682,889.619,-21.7657,43.5315,113.79,-1090.53,-3.4,883.297,60.9504,25.2028,25.0023,0.50019
0.386,0.405459,1.4042,889.619,-21.7703,43.5407,113.838,-1088.45,-3.4,881.22,60.9504,25.2034,25.0023,0.500191
0.387,0.406862,1.40154,889.619,-21.7749,43.5499,113.887,-1086.34,-3.4,879.111,60.9505,25.204,25.0023,0.500192
0.388,0.408262,1.39885,889.619,-21.7794,43.559,113.935,-1084.2,-3.4,876.97,60.9505,25.2045,25.0023,0.500192
0.389,0.409659,1.39613,889.619,-21.784,43.5682,113.983,-1082.03,-3.4,874.798,60.9505,25.2051,25.0023,0.500193
0.39,0.411054,1.39337,889.619,-21.7886,43.5773,114.031,-1079.83,-3.4,872.594,60.9505,25.2057,25.0024,0.500193
0.391,0.412446,1.39058,889.619,-21.7931,43.5864,114.079,-1077.59,-3.4,870.358,60.9505,25.2062,25.0024,0.500194
0.392,0.413836,1.38775,889.619,-21.7977,43.5955,114.127,-1075.32,-3.4,868.09,60.9505,25.2068,25.0024,0.500194
0.393,0.415222,1.38488,889.619,-21.8022,43.6046,114.175,-1073.02,-3.4,865.791,60.9505,25.2074,25.0024,0.500195
0.394,0.416605,1.38198,889.619,-21.8068,43.6136,114.222,-1070.69,-3.4,863.46,60.9505,25.2079,25.0024,0.500195
0.395,0.417986,1.37905,889.619,-21.8113,43.6227,114.27,-1068.33,-3.4,861.098,60.9505,25.2085,25.0024,0.500196
0.396,0.419364,1.37608,889.619,-21.8158,43.6317,114.317,-1065.94,-3.4,858.704,60.9505,25.2091,25.0024,0.500197
0.397,0.420738,1.37308,889.619,-21.8203,43.6407,114.365,-1063.51,-3.4,856.278,60.9505,25.2096,25.0024,0.500197
0.398,0.42211,1.37004,889.619,-21.8248,43.6497,114.412,-1061.05,-3.4,853.821,60.9505,25.2102,25.0024,0.500198
0.399,0.423479,1.36697,889.619,-21.8293,43.6587,114.46,-1058.57,-3.4,851.333,60.9505,25.2108,25.0024,0.500198
0.4,0.424844,1.36387,889.619,-21.8338,43.6677,114.507,-1056.05,-3.4,848.814,60.9505,25.2114,25.0024,0.500199
0.401,0.426206,1.36073,889.619,-21.8383,43.6766,114.554,-1053.49,-3.4,846.263,60.9506,25.2119,25.0024,0.500199
0.402,0.427566,1.35756,889.619,-21.8427,43.6856,114.601,-1050.91,-3.4,843.681,60.9506,25.2125,25.0025,0.5002
0.403,0.428922,1.35435,889.619,-21.8472,43.6945,114.648,-1048.3,-3.4,841.068,60.9506,25.2131,25.0025,0.5002
0.404,0.430275,1.35111,889.619,-21.8516,43.7034,114.695,-1045.66,-3.4,838.423,60.9506,25.2136,25.0025,0.500201
0.405,0.431624,1.34783,889.62,-21.8561,43.7122,114.742,-1042.98,-3.4,835.748,60.9506,25.2142,25.0025,0.500202
0.406,0.43297,1.34453,889.62,-21.8605,43.7211,114.789,-1040.27,-3.4,833.042,60.9506,25.2148,25.0025,0.500202
0.407,0.434313,1.34118,889.62,-21.8649,43.7299,114.836,-1037.54,-3.4,830.304,60.9506,25.2153,25.0025,0.500203
0.408,0.435653,1.33781,889.62,-21.8693,43.7388,114.882,-1034.77,-3.4,827.536,60.9506,25.2159,25.0025,0.500203
0.409,0.436989,1.3344,889.62,-21.8737,43.7476,114.929,-1031.97,-3.4,824.737,60.9506,25.2165,25.0025,0.500204
0.41,0.438322,1.33096,889.62,-21.8781,43.7563,114.975,-1029.14,-3.4,821.907,60.9506,25.2171,25.0025,0.500204
0.411,0.439651,1.32748,889.62,-21.8825,43.7651,115.021,-1026.28,-3.4,819.046,60.9506,25.2176,25.0025,0.500205
0.412,0.440977,1.32397,889.62,-21.8869,43.7738,115.068,-1023.39,-3.4,816.154,60.9506,25.2182,25.0025,0.500205
0.413,0.442299,1.32043,889.62,-21.8912,43.7826,115.114,-1020.46,-3.4,813.232,60.9506,25.2188,25.0025,0.500206
0.414,0.443618,1.31686,889.62,-21.8956,43.7913,115.16,-1017.51,-3.4,810.28,60.9506,25.2193,25.0026,0.500207
0.415,0.444933,1.31325,889.62,-21.8999,43.7999,115.206,-1014.53,-3.4,807.297,60.9507,25.2199,25.0026,0.500207
0.416,0.446245,1.30961,889.62,-21.9042,43.8086,115.251,-1011.52,-3.4,804.283,60.9507,25.2205,25.0026,0.500208
0.417,0.447552,1.30593,889.62,-21.9085,43.8172,115.297,-1008.47,-3.4,801.239,60.9507,25.2211,25.0026,0.500208
0.418,0.448857,1.30223,889.62,-21.9129,43.8258,115.343,-1005.4,-3.4,798.165,60.9507,25.2216,25.0026,0.500209
0.419,0.450157,1.29849,889.62,-21.9172,43.8344,115.388,-1002.29,-3.4,795.06,60.9507,25.2222,25.0026,0.500209
0.42,0.451454,1.29472,889.62,-21.9214,43.843,115.434,-999.158,-3.4,791.925,60.9507,25.2228,25.0026,0.50021
0.421,0.452747,1.29092,889.62,-21.9257,43.8516,115.479,-995.993,-3.4,788.76,60.9507,25.2234,25.0026,0.50021
0.422,0.454036,1.28708,889.62,-21.93,43.8601,115.524,-992.798,-3.4,785.566,60.9507,25.2239,25.0026,0.500211
0.423,0.455321,1.28321,889.621,-21.9342,43.8686,115.569,-989.573,-3.4,782.341,60.9507,25.2245,25.0026,0.500212
0.424,0.456602,1.27931,889.621,-21.9385,43.8771,115.614,-986.318,-3.4,779.086,60.9507,25.2251,25.0026,0.500212
0.425,0.45788,1.27538,889.621,-21.9427,43.8855,115.659,-983.034,-3.4,775.801,60.9507,25.2257,25.0026,0.500213
0.426,0.459153,1.27142,889.621,-21.9469,43.894,115.704,-979.719,-3.4,772.487,60.9507,25.2262,25.0026,0.500213
0.427,0.460423,1.26742,889.621,-21.9511,43.9024,115.748,-976.375,-3.4,769.142,60.9507,25.2268,25.0027,0.500214
0.428,0.461688,1.26339,889.621,-21.9553,43.9108,115.793,-973.001,-3.4,765.769,60.9507,25.2274,25.0027,0.500214
0.429,0.46295,1.25934,889.621,-21.9595,43.9192,115.837,-969.598,-3.4,762.365,60.9508,25.228,25.0027,0.500215
0.43,0.464207,1.25525,889.621,-21.9637,43.9275,115.882,-966.165,-3.4,758.932,60.9508,25.2285,25.0027,0.500215
0.431,0.465461,1.25112,889.621,-21.9678,43.9358,115.926,-962.703,-3.4,755.47,60.9508,25.2291,25.0027,0.500216
0.432,0.46671,1.24697,889.621,-21.972,43.9441,115.97,-959.211,-3.4,751.979,60.9508,25.2297,25.0027,0.500217
0.433,0.467955,1.24279,889.621,-21.9761,43.9524,116.014,-955.69,-3.4,748.458,60.9508,25.2303,25.0027,0.500217
0.434,0.469196,1.23857,889.621,-21.9803,43.9606,116.057,-952.14,-3.4,744.908,60.9508,25.2308,25.0027,0.500218
0.435,0.470432,1.23433,889.621,-21.9844,43.9689,116.101,-948.561,-3.4,741.329,60.9508,25.2314,25.0027,0.500218
0.436,0.471664,1.23005,889.621,-21.9885,43.9771,116.145,-944.953,-3.4,737.72,60.9508,25.232,25.0027,0.500219
0.437,0.472892,1.22574,889.621,-21.9925,43.9852,116.188,-941.316,-3.4,734.083,60.9508,25.2326,25.0027,0.500219
0.438,0.474116,1.2214,889.622,-21.9966,43.9934,116.231,-937.65,-3.4,730.418,60.9508,25.2331,25.0027,0.50022
0.439,0.475335,1.21703,889.622,-22.0007,44.0015,116.275,-933.956,-3.4,726.723,60.9508,25.2337,25.0027,0.50022
0.44,0.47655,1.21263,889.622,-22.0047,44.0096,116.318,-930.232,-3.4,723,60.9508,25.2343,25.0027,0.500221
0.441,0.477761,1.2082,889.622,-22.0088,44.0177,116.361,-926.48,-3.4,719.248,60.9508,25.2349,25.0028,0.500222
0.442,0.478967,1.20374,889.622,-22.0128,44.0257,116.403,-922.7,-3.4,715.467,60.9508,25.2354,25.0028,0.500222
0.443,0.480169,1.19925,889.622,-22.0168,44.0337,116.446,-918.891,-3.4,711.658,60.9509,25.236,25.0028,0.500223
0.444,0.481366,1.19473,889.622,-22.0208,44.0417,116.489,-915.054,-3.4,707.821,60.9509,25.2366,25.0028,0.500223
0.445,0.482558,1.19019,889.622,-22.0248,44.0497,116.531,-911.189,-3.4,703.956,60.9509,25.2372,25.0028,0.500224
0.446,0.483746,1.18561,889.622,-22.0287,44.0576,116.573,-907.295,-3.4,700.062,60.9509,25.2378,25.0028,0.500224
0.447,0.48493,1.181,889.622,-22.0327,44.0655,116.615,-903.373,-3.4,696.14,60.9509,25.2383,25.0028,0.500225
0.448,0.486108,1.17636,889.622,-22.0366,44.0734,116.657,-899.424,-3.4,692.191,60.9509,25.2389,25.0028,0.500225
0.449,0.487283,1.17169,889.622,-22.0406,44.0813,116.699,-895.446,-3.4,688.213,60.9509,25.2395,25.0028,0.500226
0.45,0.488452,1.16699,889.622,-22.0445,44.0891,116.741,-891.441,-3.4,684.208,60.9509,25.2401,25.0028,0.500227
0.451,0.489617,1.16227,889.623,-22.0484,44.0969,116.783,-887.408,-3.4,680.175,60.9509,25.2407,25.0028,0.500227
0.452,0.490777,1.15751,889.623,-22.0523,44.1047,116.824,-883.347,-3.4,676.114,60.9509,25.2412,25.0028,0.500228
0.453,0.491932,1.15273,889.623,-22.0561,44.1124,116.865,-879.259,-3.4,672.026,60.9509,25.2418,25.0028,0.500228
0.454,0.493083,1.14791,889.623,-22.06,44.1201,116.906,-875.144,-3.4,667.911,60.9509,25.2424,25.0028,0.500229
0.455,0.494228,1.14307,889.623,-22.0638,44.1278,116.947,-871.001,-3.4,663.768,60.9509,25.243,25.0029,0.500229
0.456,0.495369,1.1382,889.623,-22.0677,44.1355,116.988,-866.831,-3.4,659.598,60.9509,25.2436,25.0029,0.50023
0.457,0.496505,1.1333,889.623,-22.0715,44.1431,117.029,-862.634,-3.4,655.401,60.951,25.2441,25.0029,0.50023
0.458,0.497636,1.12837,889.623,-22.0753,44.1507,117.069,-858.41,-3.4,651.177,60.951,25.2447,25.0029,0.500231
0.459,0.498762,1.12342,889.623,-22.079,44.1582,117.11,-854.159,-3.4,646.926,60.951,25.2453,25.0029,0.500232
0.46,0.499883,1.11843,889.623,-22.0828,44.1658,117.15,-849.881,-3.4,642.648,60.951,25.2459,25.0029,0.500232
0.461,0.500999,1.11342,889.623,-22.0866,44.1733,117.19,-845.576,-3.4,638.343,60.951,25.2465,25.0029,0.500233
0.462,0.50211,1.10838,889.623,-22.0903,44.1808,117.23,-841.245,-3.4,634.012,60.951,25.2471,25.0029,0.500233
0.463,0.503216,1.10331,889.623,-22.094,44.1882,117.27,-836.888,-3.4,629.654,60.951,25.2476,25.0029,0.500234
0.464,0.504317,1.09822,889.624,-22.0977,44.1956,117.31,-832.504,-3.4,625.27,60.951,25.2482,25.0029,0.500234
0.465,0.505413,1.0931,889.624,-22.1014,44.203,117.349,-828.093,-3.4,620.86,60.951,25.2488,25.0029,0.500235
0.466,0.506503,1.08795,889.624,-22.1051,44.2104,117.388,-823.657,-3.4,616.424,60.951,25.2494,25.0029,0.500235
0.467,0.507589,1.08277,889.624,-22.1088,44.2177,117.428,-819.195,-3.4,611.961,60.951,25.25,25.0029,0.500236
0.468,0.508669,1.07757,889.624,-22.1124,44.225,117.467,-814.706,-3.4,607.473,60.951,25.2505,25.0029,0.500237
0.469,0.509744,1.07234,889.624,-22.116,44.2322,117.505,-810.192,-3.4,602.958,60.951,25.2511,25.0029,0.500237
0.47,0.510814,1.06708,889.624,-22.1197,44.2395,117.544,-805.652,-3.4,598.418,60.951,25.2517,25.003,0.500238
0.471,0.511878,1.06179,889.624,-22.1233,44.2467,117.583,-801.086,-3.4,593.853,60.951,25.2523,25.003,0.500238
0.472,0.512938,1.05648,889.624,-22.1268,44.2538,117.621,-796.495,-3.4,589.261,60.9511,25.2529,25.003,0.500239
0.473,0.513992,1.05115,889.624,-22.1304,44.261,117.659,-791.878,-3.4,584.645,60.9511,25.2535,25.003,0.500239
0.474,0.51504,1.04578,889.624,-22.134,44.2681,117.697,-787.237,-3.4,580.003,60.9511,25.2541,25.003,0.50024
0.475,0.516084,1.04039,889.625,-22.1375,44.2751,117.735,-782.57,-3.4,575.336,60.9511,25.2546,25.003,0.50024
0.476,0.517121,1.03498,889.625,-22.141,44.2822,117.773,-777.878,-3.4,570.644,60.9511,25.2552,25.003,0.500241
0.477,0.518154,1.02954,889.625,-22.1445,44.2892,117.81,-773.161,-3.4,565.927,60.9511,25.2558,25.003,0.500242
0.478,0.519181,1.02407,889.625,-22.148,44.2962,117.848,-768.419,-3.4,561.185,60.9511,25.2564,25.003,0.500242
0.479,0.520202,1.01857,889.625,-22.1515,44.3031,117.885,-763.652,-3.4,556.419,60.9511,25.257,25.003,0.500243
0.48,0.521218,1.01306,889.625,-22.1549,44.31,117.922,-758.861,-3.4,551.628,60.9511,25.2576,25.003,0.500243
0.481,0.522229,1.00751,889.625,-22.1583,44.3169,117.959,-754.046,-3.4,546.812,60.9511,25.2581,25.003,0.500244
0.482,0.523233,1.00194,889.625,-22.1618,44.3237,117.995,-749.206,-3.4,541.972,60.9511,25.2587,25.003,0.500244
0.483,0.524233,0.99635,889.625,-22.1652,44.3305,118.032,-744.342,-3.4,537.108,60.9511,25.2593,25.003,0.500245
0.484,0.525226,0.990731,889.625,-22.1686,44.3373,118.068,-739.454,-3.4,532.22,60.9511,25.2599,25.003,0.500245
0.485,0.526214,0.985087,889.625,-22.1719,44.344,118.104,-734.542,-3.4,527.308,60.9511,25.2605,25.003,0.500246
0.486,0.527197,0.979419,889.626,-22.1753,44.3507,118.14,-729.606,-3.4,522.372,60.9512,25.2611,25.003,0.500247
0.487,0.528174,0.973726,889.626,-22.1786,44.3574,118.176,-724.646,-3.4,517.412,60.9512,25.2617,25.0031,0.500247
0.488,0.529145,0.968009,889.626,-22.1819,44.364,118.212,-719.663,-3.4,512.429,60.9512,25.2622,25.0031,0.500248
0.489,0.53011,0.962268,889.626,-22.1852,44.3706,118.247,-714.656,-3.4,507.422,60.9512,25.2628,25.0031,0.500248
0.49,0.531069,0.956503,889.626,-22.1885,44.3772,118.282,-709.626,-3.4,502.392,60.9512,25.2634,25.0031,0.500249
0.491,0.532023,0.950713,889.626,-22.1918,44.3837,118.317,-704.573,-3.4,497.339,60.9512,25.264,25.0031,0.500249
0.492,0.532971,0.9449,889.626,-22.195,44.3902,118.352,-699.497,-3.4,492.263,60.9512,25.2646,25.0031,0.50025
0.493,0.533913,0.939064,889.626,-22.1982,44.3966,118.387,-694.398,-3.4,487.164,60.9512,25.2652,25.0031,0.50025
0.494,0.534849,0.933204,889.626,-22.2014,44.403,118.421,-689.276,-3.4,482.042,60.9512,25.2658,25.0031,0.500251
0.495,0.53578,0.92732,889.626,-22.2046,44.4094,118.456,-684.131,-3.4,476.897,60.9512,25.2664,25.0031,0.500252
0.496,0.536704,0.921413,889.627,-22.2078,44.4158,118.49,-678.964,-3.4,471.73,60.9512,25.2669,25.0031,0.500252
0.497,0.537623,0.915484,889.627,-22.211,44.4221,118.524,-673.774,-3.4,466.54,60.9512,25.2675,25.0031,0.500253
0.498,0.538536,0.909531,889.627,-22.2141,44.4284,118.557,-668.562,-3.4,461.328,60.9512,25.2681,25.0031,0.500253
0.499,0.539442,0.903556,889.627,-22.2172,44.4346,118.591,-663.328,-3.4,456.094,60.9512,25.2687,25.0031,0.500254
0.5,0.540343,0.897558,889.627,-22.2203,44.4408,118.624,-658.072,-3.4,450.838,60.9513,25.2693,25.0031,0.500254
0.501,0.541238,0.891538,889.627,-22.2234,44.447,118.658,-652.794,-3.4,445.56,60.9513,25.2699,25.0031,0.500255
0.502,0.542126,0.885495,889.627,-22.2265,44.4531,118.691,-647.494,-3.4,440.26,60.9513,25.2705,25.0031,0.500255
0.503,0.543009,0.87943,889.627,-22.2295,44.4592,118.723,-642.173,-3.4,434.938,60.9513,25.2711,25.0031,0.500256
0.504,0.543886,0.873344,889.627,-22.2325,44.4652,118.756,-636.83,-3.4,429.596,60.9513,25.2717,25.0031,0.500257
0.505,0.544756,0.867235,889.627,-22.2355,44.4712,118.788,-631.466,-3.4,424.232,60.9513,25.2722,25.0032,0.500257
0.506,0.54562,0.861105,889.628,-22.2385,44.4772,118.821,-626.081,-3.4,418.846,60.9513,25.2728,25.0032,0.500258
0.507,0.546479,0.854953,889.628,-22.2415,44.4832,118.853,-620.674,-3.4,413.44,60.9513,25.2734,25.0032,0.500258
0.508,0.547331,0.84878,889.628,-22.2444,44.4891,118.884,-615.247,-3.4,408.013,60.9513,25.274,25.0032,0.500259
0.509,0.548176,0.842585,889.628,-22.2474,44.4949,118.916,-609.799,-3.4,402.565,60.9513,25.2746,25.0032,0.500259
0.51,0.549016,0.83637,889.628,-22.2503,44.5007,118.947,-604.33,-3.4,397.096,60.9513,25.2752,25.0032,0.50026
0.511,0.549849,0.830134,889.628,-22.2532,44.5065,118.979,-598.841,-3.4,391.607,60.9513,25.2758,25.0032,0.50026
0.512,0.550677,0.823876,889.628,-22.2561,44.5123,119.01,-593.332,-3.4,386.097,60.9513,25.2764,25.0032,0.500261
0.513,0.551498,0.817599,889.628,-22.2589,44.518,119.041,-587.802,-3.4,380.568,60.9513,25.277,25.0032,0.500262
0.514,0.552312,0.811301,889.628,-22.2617,44.5237,119.071,-582.253,-3.4,375.018,60.9514,25.2776,25.0032,0.500262
0.515,0.55312,0.804982,889.629,-22.2646,44.5293,119.102,-576.683,-3.4,369.449,60.9514,25.2781,25.0032,0.500263
0.516,0.553922,0.798644,889.629,-22.2674,44.5349,119.132,-571.094,-3.4,363.859,60.9514,25.2787,25.0032,0.500263
0.517,0.554718,0.792285,889.629,-22.2701,44.5404,119.162,-565.485,-3.4,358.251,60.9514,25.2793,25.0032,0.500264
0.518,0.555507,0.785907,889.629,-22.2729,44.546,119.192,-559.857,-3.4,352.622,60.9514,25.2799,25.0032,0.500264
0.519,0.55629,0.779509,889.629,-22.2756,44.5514,119.221,-554.209,-3.4,346.975,60.9514,25.2805,25.0032,0.500265
0.52,0.557067,0.773091,889.629,-22.2783,44.5569,119.25,-548.543,-3.4,341.308,60.9514,25.2811,25.0032,0.500265
0.521,0.557837,0.766655,889.629,-22.281,44.5623,119.28,-542.857,-3.4,335.622,60.9514,25.2817,25.0032,0.500266
0.522,0.5586,0.760199,889.629,-22.2837,44.5676,119.309,-537.152,-3.4,329.918,60.9514,25.2823,25.0032,0.500267
0.523,0.559357,0.753724,889.629,-22.2864,44.5729,119.337,-531.429,-3.4,324.194,60.9514,25.2829,25.0032,0.500267
0.524,0.560108,0.74723,889.63,-22.289,44.5782,119.366,-525.687,-3.4,318.452,60.9514,25.2835,25.0032,0.500268
0.525,0.560852,0.740717,889.63,-22.2916,44.5835,119.394,-519.927,-3.4,312.692,60.9514,25.2841,25.0032,0.500268
0.526,0.56159,0.734186,889.63,-22.2942,44.5886,119.422,-514.149,-3.4,306.914,60.9514,25.2847,25.0033,0.500269
0.527,0.562321,0.727637,889.63,-22.2968,44.5938,119.45,-508.352,-3.4,301.117,60.9514,25.2852,25.0033,0.500269
0.528,0.563045,0.72107,889.63,-22.2994,44.5989,119.478,-502.538,-3.4,295.303,60.9515,25.2858,25.0033,0.50027
0.529,0.563763,0.714484,889.63,-22.3019,44.604,119.505,-496.706,-3.4,289.471,60.9515,25.2864,25.0033,0.50027
0.53,0.564475,0.707881,889.63,-22.3044,44.609,119.533,-490.856,-3.4,283.621,60.9515,25.287,25.0033,0.500271
0.531,0.565179,0.701259,889.63,-22.3069,44.614,119.56,-484.989,-3.4,277.754,60.9515,25.2876,25.0033,0.500272
0.532,0.565878,0.694621,889.63,-22.3094,44.619,119.586,-479.104,-3.4,271.869,60.9515,25.2882,25.0033,0.500272
0.533,0.566569,0.687965,889.631,-22.3118,44.6239,119.613,-473.202,-3.4,265.967,60.9515,25.2888,25.0033,0.500273
0.534,0.567254,0.681291,889.631,-22.3143,44.6287,119.639,-467.284,-3.4,260.049,60.9515,25.2894,25.0033,0.500273
0.535,0.567932,0.674601,889.631,-22.3167,44.6336,119.666,-461.348,-3.4,254.113,60.9515,25.29,25.0033,0.500274
0.536,0.568603,0.667894,889.631,-22.3191,44.6384,119.691,-455.396,-3.4,248.161,60.9515,25.2906,25.0033,0.500274
0.537,0.569268,0.66117,889.631,-22.3215,44.6431,119.717,-449.428,-3.4,242.193,60.9515,25.2912,25.0033,0.500275
0.538,0.569926,0.65443,889.631,-22.3238,44.6478,119.743,-443.443,-3.4,236.208,60.9515,25.2918,25.0033,0.500275
0.539,0.570577,0.647673,889.631,-22.3261,44.6525,119.768,-437.442,-3.4,230.206,60.9515,25.2924,25.0033,0.500276
0.54,0.571222,0.6409,889.631,-22.3284,44.6571,119.793,-431.425,-3.4,224.189,60.9515,25.293,25.0033,0.500277
0.541,0.571859,0.634111,889.631,-22.3307,44.6616,119.818,-425.392,-3.4,218.156,60.9515,25.2936,25.0033,0.500277
0.542,0.57249,0.627307,889.632,-22.333,44.6662,119.842,-419.343,-3.4,212.108,60.9516,25.2942,25.0033,0.500278
0.543,0.573114,0.620486,889.632,-22.3352,44.6707,119.867,-413.279,-3.4,206.043,60.9516,25.2947,25.0033,0.500278
0.544,0.573732,0.61365,889.632,-22.3375,44.6751,119.891,-407.199,-3.4,199.964,60.9516,25.2953,25.0033,0.500279
0.545,0.574342,0.606799,889.632,-22.3397,44.6795,119.915,-401.105,-3.4,193.869,60.9516,25.2959,25.0033,0.500279
0.546,0.574945,0.599932,889.632,-22.3419,44.6839,119.939,-394.995,-3.4,187.759,60.9516,25.2965,25.0033,0.50028
0.547,0.575542,0.593051,889.632,-22.344,44.6882,119.962,-388.87,-3.4,181.635,60.9516,25.2971,25.0033,0.50028
0.548,0.576132,0.586155,889.632,-22.3462,44.6925,119.985,-382.731,-3.4,175.496,60.9516,25.2977,25.0033,0.500281
0.549,0.576715,0.579244,889.632,-22.3483,44.6967,120.008,-376.577,-3.4,169.342,60.9516,25.2983,25.0033,0.500282
0.55,0.577291,0.572318,889.633,-22.3504,44.7009,120.031,-370.409,-3.4,163.174,60.9516,25.2989,25.0033,0.500282
0.551,0.57786,0.565378,889.633,-22.3524,44.705,120.054,-364.227,-3.4,156.991,60.9516,25.2995,25.0033,0.500283
0.552,0.578422,0.558425,889.633,-22.3545,44.7092,120.076,-358.03,-3.4,150.795,60.9516,25.3001,25.0034,0.500283
0.553,0.578977,0.551457,889.633,-22.3565,44.7132,120.098,-351.82,-3.4,144.585,60.9516,25.3007,25.0034,0.500284
0.554,0.579525,0.544475,889.633,-22.3585,44.7172,120.12,-345.596,-3.4,138.361,60.9516,25.3013,25.0034,0.500284
0.555,0.580066,0.53748,889.633,-22.3605,44.7212,120.142,-339.359,-3.4,132.123,60.9516,25.3019,25.0034,0.500285
0.556,0.5806,0.530471,889.633,-22.3625,44.7251,120.163,-333.108,-3.4,125.873,60.9517,25.3025,25.0034,0.500285
0.557,0.581128,0.523449,889.633,-22.3644,44.729,120.184,-326.844,-3.4,119.609,60.9517,25.3031,25.0034,0.500286
0.558,0.581648,0.516414,889.633,-22.3663,44.7329,120.205,-320.568,-3.4,113.332,60.9517,25.3037,25.0034,0.500287
0.559,0.582161,0.509366,889.634,-22.3682,44.7366,120.226,-314.278,-3.4,107.042,60.9517,25.3043,25.0034,0.500287
0.56,0.582667,0.502306,889.634,-22.3701,44.7404,120.246,-307.976,-3.4,100.74,60.9517,25.3049,25.0034,0.500288
0.561,0.583166,0.495232,889.634,-22.372,44.7441,120.266,-301.661,-3.4,94.4251,60.9517,25.3055,25.0034,0.500288
0.562,0.583658,0.488147,889.634,-22.3738,44.7478,120.286,-295.334,-3.4,88.098,60.9517,25.3061,25.0034,0.500289
0.563,0.584142,0.481049,889.634,-22.3756,44.7514,120.306,-288.995,-3.4,81.7588,60.9517,25.3067,25.0034,0.500289
0.564,0.58462,0.473939,889.634,-22.3774,44.755,120.326,-282.643,-3.4,75.4077,60.9517,25.3073,25.0034,0.50029
0.565,0.585091,0.466817,889.634,-22.3792,44.7585,120.345,-276.281,-3.4,69.0447,60.9517,25.3078,25.0034,0.50029
0.566,0.585554,0.459684,889.634,-22.3809,44.762,120.364,-269.906,-3.4,62.6702,60.9517,25.3084,25.0034,0.500291
0.567,0.58601,0.452539,889.635,-22.3826,44.7654,120.383,-263.52,-3.4,56.2842,60.9517,25.309,25.0034,0.500292
0.568,0.586459,0.445383,889.635,-22.3843,44.7688,120.401,-257.123,-3.4,49.887,60.9517,25.3096,25.0034,0.500292
0.569,0.586901,0.438216,889.635,-22.386,44.7722,120.419,-250.715,-3.4,43.4788,60.9517,25.3102,25.0034,0.500293
0.57,0.587336,0.431037,889.635,-22.3876,44.7755,120.437,-244.296,-3.4,37.0596,60.9518,25.3108,25.0034,0.500293
0.571,0.587764,0.423848,889.635,-22.3893,44.7787,120.455,-237.866,-3.4,30.6298,60.9518,25.3114,25.0034,0.500294
0.572,0.588184,0.416649,889.635,-22.3909,44.7819,120.473,-231.425,-3.4,24.1894,60.9518,25.312,25.0034,0.500294
0.573,0.588597,0.409439,889.635,-22.3925,44.7851,120.49,-224.975,-3.4,17.7386,60.9518,25.3126,25.0034,0.500295
0.574,0.589003,0.402218,889.635,-22.394,44.7882,120.507,-218.514,-3.4,11.2777,60.9518,25.3132,25.0034,0.500295
0.575,0.589402,0.394988,889.636,-22.3956,44.7913,120.524,-212.043,-3.4,4.80679,60.9518,25.3138,25.0034,0.500296
0.576,0.589794,0.387748,889.636,-22.3971,44.7943,120.541,-205.563,-3.37317,0,60.9405,25.3144,25.0034,0.500297
0.577,0.590178,0.380498,889.636,-22.3986,44.7973,120.557,-199.076,-3.26908,0,60.8968,25.315,25.0034,0.500297
0.578,0.590555,0.373239,889.636,-22.4,44.8003,120.573,-192.58,-3.16468,0,60.853,25.3156,25.0034,0.500298
0.579,0.590925,0.36597,889.636,-22.4015,44.8032,120.589,-186.075,-3.05999,0,60.809,25.3162,25.0034,0.500298
0.58,0.591287,0.358692,889.636,-22.4029,44.806,120.605,-179.561,-2.955,0,60.7649,25.3168,25.0034,0.500299
0.581,0.591643,0.351405,889.636,-22.4043,44.8088,120.62,-173.037,-2.84972,0,60.7207,25.3174,25.0034,0.500299
0.582,0.591991,0.344109,889.636,-22.4057,44.8116,120.635,-166.505,-2.74415,0,60.6764,25.318,25.0034,0.5003
0.583,0.592331,0.336805,889.637,-22.407,44.8143,120.65,-159.965,-2.63829,0,60.6319,25.3186,25.0034,0.5003
0.584,0.592665,0.329492,889.637,-22.4084,44.8169,120.665,-153.416,-2.53214,0,60.5873,25.3192,25.0034,0.5003
0.585,0.592991,0.322172,889.637,-22.4097,44.8196,120.679,-146.859,-2.42571,0,60.5426,25.3198,25.0034,0.500301
0.586,0.593309,0.314843,889.637,-22.411,44.8221,120.693,-140.294,-2.31899,0,60.4978,25.3204,25.0035,0.500301
0.587,0.593621,0.307506,889.637,-22.4122,44.8247,120.707,-133.721,-2.21198,0,60.4529,25.321,25.0035,0.500302
0.588,0.593925,0.300161,889.637,-22.4135,44.8271,120.721,-127.14,-2.1047,0,60.4078,25.3216,25.0035,0.500302
0.589,0.594221,0.292809,889.637,-22.4147,44.8296,120.734,-120.552,-1.99713,0,60.3627,25.3222,25.0035,0.500302
0.59,0.594511,0.28545,889.638,-22.4159,44.832,120.747,-113.957,-1.88929,0,60.3174,25.3228,25.0035,0.500303
0.591,0.594793,0.278083,889.638,-22.4171,44.8343,120.76,-107.355,-1.78118,0,60.272,25.3234,25.0035,0.500303
0.592,0.595067,0.27071,889.638,-22.4182,44.8366,120.773,-100.746,-1.67278,0,60.2264,25.324,25.0035,0.500303
0.593,0.595334,0.26333,889.638,-22.4193,44.8388,120.785,-94.13,-1.56412,0,60.1808,25.3246,25.0035,0.500303
0.594,0.595594,0.255943,889.638,-22.4204,44.841,120.797,-87.5076,-1.45518,0,60.1351,25.3252,25.0035,0.500304
0.595,0.595847,0.24855,889.638,-22.4215,44.8432,120.809,-80.8789,-1.34598,0,60.0892,25.3258,25.0035,0.500304
0.596,0.596092,0.24115,889.638,-22.4226,44.8453,120.821,-74.2441,-1.23651,0,60.0432,25.3264,25.0035,0.500304
0.597,0.596329,0.233745,889.638,-22.4236,44.8474,120.832,-67.6033,-1.12678,0,59.9971,25.327,25.0035,0.500304
0.598,0.59656,0.226334,889.639,-22.4246,44.8494,120.843,-60.9568,-1.01678,0,59.9509,25.3276,25.0035,0.500305
0.599,0.596782,0.218917,889.639,-22.4256,44.8513,120.854,-54.3046,-0.906518,0,59.9046,25.3282,25.0035,0.500305
0.6,0.596998,0.211494,889.639,-22.4265,44.8533,120.865,-47.6471,-0.795999,0,59.8582,25.3288,25.0035,0.500305
0.601,0.597206,0.204067,889.639,-22.4275,44.8551,120.875,-40.9844,-0.685223,0,59.8117,25.3294,25.0035,0.500305
0.602,0.597406,0.196634,889.639,-22.4284,44.857,120.885,-34.3166,-0.574191,0,59.7651,25.33,25.0035,0.500305
0.603,0.597599,0.189196,889.639,-22.4293,44.8587,120.895,-27.644,-0.462906,0,59.7183,25.3306,25.0035,0.500305
0.604,0.597785,0.181754,889.639,-22.4301,44.8605,120.905,-20.9667,-0.351369,0,59.6715,25.3312,25.0035,0.500305
0.605,0.597963,0.174307,889.639,-22.431,44.8621,120.914,-14.285,-0.239583,0,59.6245,25.3318,25.0035,0.500305
0.606,0.598134,0.166855,889.64,-22.4318,44.8638,120.923,-7.59902,-0.127549,0,59.5775,25.3324,25.0035,0.500305
0.607,0.598297,0.1594,889.64,-22.4326,44.8654,120.932,-0.908948,-0.0152687,0,59.5303,25.333,25.0035,0.500305
0.608,0.598453,0.15194,889.64,-22.4334,44.8669,120.941,5.78502,0.097255,0,59.4831,25.3336,25.0035,0.500305
0.609,0.598602,0.144477,889.64,-22.4341,44.8684,120.949,12.4827,0.21002,0,59.4357,25.3342,25.0035,0.500305
0.61,0.598742,0.13701,889.64,-22.4348,44.8698,120.957,19.1839,0.323025,0,59.3882,25.3348,25.0035,0.500305
0.611,0.598876,0.12954,889.64,-22.4355,44.8712,120.965,25.8884,0.436268,0,59.3407,25.3354,25.0035,0.500305
0.612,0.599002,0.122066,889.64,-22.4362,44.8726,120.972,32.5961,0.549747,0,59.293,25.336,25.0035,0.500305
0.613,0.59912,0.11459,889.641,-22.4369,44.8739,120.98,39.3068,0.663458,0,59.2453,25.3366,25.0035,0.500305
0.614,0.599232,0.10711,889.641,-22.4375,44.8751,120.987,46.0202,0.777402,0,59.1974,25.3372,25.0035,0.500305
0.615,0.599335,0.0996281,889.641,-22.4381,44.8764,120.994,52.7361,0.891575,0,59.1494,25.3378,25.0035,0.500305
0.616,0.599431,0.0921434,889.641,-22.4387,44.8775,121,59.4545,1.00597,0,59.1014,25.3384,25.0035,0.500305
0.617,0.59952,0.0846565,889.641,-22.4392,44.8786,121.006,66.1751,1.1206,0,59.0532,25.339,25.0035,0.500304
0.618,0.599601,0.0771674,889.641,-22.4397,44.8797,121.012,72.8976,1.23545,0,59.005,25.3396,25.0035,0.500304
0.619,0.599674,0.0696764,889.641,-22.4403,44.8807,121.018,79.622,1.35052,0,58.9567,25.3402,25.0035,0.500304
0.62,0.599741,0.0621837,889.641,-22.4407,44.8817,121.024,86.3481,1.46581,0,58.9082,25.3408,25.0035,0.500304
0.621,0.599799,0.0546894,889.642,-22.4412,44.8826,121.029,93.0755,1.58131,0,58.8597,25.3414,25.0035,0.500304
0.622,0.59985,0.0471937,889.642,-22.4416,44.8835,121.034,99.8042,1.69703,0,58.8111,25.342,25.0035,0.500303
0.623,0.599894,0.0396968,889.642,-22.442,44.8843,121.039,106.534,1.81296,0,58.7624,25.3426,25.0035,0.500303
0.624,0.59993,0.032199,889.642,-22.4424,44.8851,121.043,113.265,1.9291,0,58.7137,25.3432,25.0035,0.500303
0.625,0.599959,0.0247004,889.642,-22.4428,44.8858,121.047,119.996,2.04545,0,58.6648,25.3438,25.0035,0.500302
0.626,0.59998,0.0172011,889.642,-22.4431,44.8865,121.051,126.728,2.16201,0,58.6158,25.3444,25.0035,0.500302
0.627,0.599993,0.00970141,889.642,-22.4435,44.8871,121.055,133.46,2.27877,0,58.5668,25.345,25.0035,0.500302
0.628,0.6,0.00220148,889.643,-22.4438,44.8877,121.058,140.192,2.39572,0,58.5177,25.3456,25.0035,0.500301
0.629,0.6,0,889.644,-22.2411,44.4824,118.883,139.717,2.38746,0,58.5211,25.3461,25.0035,0.500301
0.63,0.6,0,889.642,-22.241,44.4823,118.882,139.726,2.38762,0,58.521,25.3467,25.0035,0.5003
0.631,0.6,0,889.642,-22.2411,44.4823,118.883,139.727,2.38763,0,58.521,25.3473,25.0035,0.5003
0.632,0.6,0,889.643,-22.2411,44.4823,118.883,139.727,2.38764,0,58.521,25.3479,25.0035,0.5003
0.633,0.6,0,889.643,-22.2411,44.4824,118.883,139.727,2.38764,0,58.521,25.3485,25.0035,0.500299
0.634,0.6,0,889.644,-22.2411,44.4824,118.884,139.728,2.38765,0,58.521,25.3491,25.0035,0.500299
0.635,0.6,0,889.644,-22.2411,44.4824,118.884,139.728,2.38765,0,58.521,25.3497,25.0035,0.500299
0.636,0.6,0,889.644,-22.2411,44.4824,118.884,139.728,2.38766,0,58.521,25.3503,25.0035,0.500298
0.637,0.6,0,889.644,-22.2411,44.4824,118.885,139.728,2.38766,0,58.521,25.3509,25.0035,0.500298
0.638,0.6,0,889.644,-22.2411,44.4824,118.885,139.729,2.38767,0,58.521,25.3514,25.0035,0.500297
0.639,0.6,0,889.644,-22.2411,44.4824,118.885,139.729,2.38767,0,58.521,25.352,25.0035,0.500297
0.64,0.6,0,889.644,-22.2411,44.4824,118.886,139.729,2.38768,0,58.521,25.3526,25.0035,0.500297
0.641,0.6,0,889.644,-22.2411,44.4824,118.886,139.73,2.38768,0,58.521,25.3532,25.0035,0.500296
0.642,0.6,0,889.644,-22.2411,44.4824,118.886,139.73,2.38769,0,58.521,25.3538,25.0035,0.500296
0.643,0.6,0,889.644,-22.2411,44.4824,118.886,139.73,2.38769,0,58.5209,25.3544,25.0035,0.500295
0.644,0.6,0,889.644,-22.2411,44.4824,118.887,139.73,2.3877,0,58.5209,25.355,25.0035,0.500295
0.645,0.6,0,889.644,-22.2411,44.4824,118.887,139.731,2.3877,0,58.5209,25.3556,25.0035,0.500295
0.646,0.6,0,889.644,-22.2411,44.4824,118.887,139.731,2.38771,0,58.5209,25.3562,25.0035,0.500294
0.647,0.6,0,889.644,-22.2411,44.4824,118.887,139.731,2.38771,0,58.5209,25.3567,25.0035,0.500294
0.648,0.6,0,889.644,-22.2411,44.4824,118.888,139.731,2.38772,0,58.5209,25.3573,25.0035,0.500293
0.649,0.6,0,889.644,-22.2411,44.4824,118.888,139.732,2.38772,0,58.5209,25.3579,25.0035,0.500293
0.65,0.6,0,889.644,-22.2411,44.4824,118.888,139.732,2.38773,0,58.5209,25.3585,25.0035,0.500293
0.651,0.6,0,889.644,-22.2411,44.4824,118.889,139.732,2.38773,0,58.5209,25.3591,25.0035,0.500292
0.652,0.6,0,889.644,-22.2411,44.4824,118.889,139.733,2.38774,0,58.5209,25.3597,25.0036,0.500292
0.653,0.6,0,889.644,-22.2411,44.4824,118.889,139.733,2.38774,0,58.5209,25.3603,25.0036,0.500291
0.654,0.6,0,889.644,-22.2411,44.4824,118.889,139.733,2.38775,0,58.5209,25.3609,25.0036,0.500291
0.655,0.6,0,889.644,-22.2411,44.4824,118.89,139.733,2.38775,0,58.5209,25.3615,25.0036,0.500291
0.656,0.6,0,889.644,-22.2411,44.4824,118.89,139.734,2.38776,0,58.5209,25.362,25.0036,0.50029
0.657,0.6,0,889.644,-22.2411,44.4824,118.89,139.734,2.38776,0,58.5209,25.3626,25.0036,0.50029
0.658,0.6,0,889.644,-22.2411,44.4824,118.89,139.734,2.38777,0,58.5208,25.3632,25.0036,0.50029
0.659,0.6,0,889.644,-22.2411,44.4824,118.891,139.734,2.38777,0,58.5208,25.3638,25.0036,0.500289
0.66,0.6,0,889.644,-22.2411,44.4824,118.891,139.735,2.38778,0,58.5208,25.3644,25.0036,0.500289
0.661,0.6,0,889.644,-22.2411,44.4824,118.891,139.735,2.38778,0,58.5208,25.365,25.0036,0.500288
0.662,0.6,0,889.644,-22.2411,44.4824,118.892,139.735,2.38779,0,58.5208,25.3656,25.0036,0.500288
0.663,0.6,0,889.644,-22.2411,44.4824,118.892,139.736,2.38779,0,58.5208,25.3662,25.0036,0.500288
0.664,0.6,0,889.644,-22.2411,44.4824,118.892,139.736,2.3878,0,58.5208,25.3667,25.0036,0.500287
0.665,0.6,0,889.644,-22.2411,44.4824,118.892,139.736,2.3878,0,58.5208,25.3673,25.0036,0.500287
0.666,0.6,0,889.644,-22.2411,44.4824,118.893,139.736,2.38781,0,58.5208,25.3679,25.0036,0.500286
0.667,0.6,0,889.644,-22.2411,44.4824,118.893,139.737,2.38781,0,58.5208,25.3685,25.0036,0.500286
0.668,0.6,0,889.644,-22.2411,44.4824,118.893,139.737,2.38782,0,58.5208,25.3691,25.0036,0.500286
0.669,0.6,0,889.644,-22.2411,44.4824,118.893,139.737,2.38782,0,58.5208,25.3697,25.0036,0.500285
0.67,0.6,0,889.644,-22.2411,44.4824,118.894,139.738,2.38783,0,58.5208,25.3703,25.0036,0.500285
0.671,0.6,0,889.644,-22.2411,44.4824,118.894,139.738,2.38783,0,58.5208,25.3709,25.0036,0.500284
0.672,0.6,0,889.644,-22.2411,44.4824,118.894,139.738,2.38784,0,58.5207,25.3715,25.0036,0.500284
0.673,0.6,0,889.644,-22.2411,44.4824,118.895,139.738,2.38784,0,58.5207,25.372,25.0036,0.500284
0.674,0.6,0,889.644,-22.2411,44.4824,118.895,139.739,2.38785,0,58.5207,25.3726,25.0036,0.500283
0.675,0.6,0,889.644,-22.2411,44.4824,118.895,139.739,2.38785,0,58.5207,25.3732,25.0036,0.500283
0.676,0.6,0,889.644,-22.2411,44.4824,118.895,139.739,2.38786,0,58.5207,25.3738,25.0036,0.500283
0.677,0.6,0,889.644,-22.2411,44.4824,118.896,139.739,2.38786,0,58.5207,25.3744,25.0036,0.500282
0.678,0.6,0,889.644,-22.2411,44.4824,118.896,139.74,2.38787,0,58.5207,25.375,25.0036,0.500282
0.679,0.6,0,889.644,-22.2411,44.4824,118.896,139.74,2.38787,0,58.5207,25.3756,25.0036,0.500281
0.68,0.6,0,889.644,-22.2411,44.4824,118.897,139.74,2.38788,0,58.5207,25.3762,25.0036,0.500281
0.681,0.6,0,889.644,-22.2411,44.4824,118.897,139.741,2.38788,0,58.5207,25.3767,25.0036,0.500281
0.682,0.6,0,889.644,-22.2411,44.4824,118.897,139.741,2.38789,0,58.5207,25.3773,25.0036,0.50028
0.683,0.6,0,889.644,-22.2411,44.4824,118.897,139.741,2.38789,0,58.5207,25.3779,25.0036,0.50028
0.684,0.6,0,889.644,-22.2411,44.4824,118.898,139.741,2.3879,0,58.5207,25.3785,25.0036,0.500279
0.685,0.6,0,889.644,-22.2411,44.4824,118.898,139.742,2.3879,0,58.5207,25.3791,25.0036,0.500279
0.686,0.6,0,889.644,-22.2411,44.4824,118.898,139.742,2.38791,0,58.5206,25.3797,25.0036,0.500279
0.687,0.6,0,889.644,-22.2411,44.4824,118.898,139.742,2.38791,0,58.5206,25.3803,25.0036,0.500278
0.688,0.6,0,889.644,-22.2411,44.4824,118.899,139.742,2.38792,0,58.5206,25.3809,25.0036,0.500278
0.689,0.6,0,889.644,-22.2411,44.4824,118.899,139.743,2.38792,0,58.5206,25.3815,25.0036,0.500277
0.69,0.6,0,889.644,-22.2411,44.4824,118.899,139.743,2.38793,0,58.5206,25.382,25.0036,0.500277
0.691,0.6,0,889.644,-22.2411,44.4824,118.9,139.743,2.38793,0,58.5206,25.3826,25.0036,0.500277
0.692,0.6,0,889.644,-22.2411,44.4824,118.9,139.744,2.38794,0,58.5206,25.3832,25.0036,0.500276
0.693,0.6,0,889.644,-22.2411,44.4824,118.9,139.744,2.38794,0,58.5206,25.3838,25.0036,0.500276
0.694,0.6,0,889.644,-22.2411,44.4824,118.9,139.744,2.38795,0,58.5206,25.3844,25.0036,0.500276
0.695,0.6,0,889.644,-22.2411,44.4824,118.901,139.744,2.38795,0,58.5206,25.385,25.0036,0.500275
0.696,0.6,0,889.644,-22.2411,44.4824,118.901,139.745,2.38796,0,58.5206,25.3856,25.0036,0.500275
0.697,0.6,0,889.644,-22.2411,44.4824,118.901,139.745,2.38796,0,58.5206,25.3862,25.0036,0.500274
0.698,0.6,0,889.644,-22.2411,44.4824,118.901,139.745,2.38797,0,58.5206,25.3867,25.0036,0.500274
0.699,0.6,0,889.644,-22.2411,44.4824,118.902,139.745,2.38797,0,58.5206,25.3873,25.0036,0.500274
0.7,0.6,0,889.644,-22.2411,44.4824,118.902,139.746,2.38798,0,58.5205,25.3879,25.0036,0.500273
0.701,0.6,0,889.644,-22.2411,44.4824,118.902,139.746,2.38798,0,58.5205,25.3885,25.0036,0.500273
0.702,0.6,0,889.644,-22.2411,44.4824,118.903,139.746,2.38799,0,58.5205,25.3891,25.0036,0.500272
0.703,0.6,0,889.644,-22.2411,44.4824,118.903,139.747,2.38799,0,58.5205,25.3897,25.0036,0.500272
0.704,0.6,0,889.644,-22.2411,44.4824,118.903,139.747,2.388,0,58.5205,25.3903,25.0036,0.500272
0.705,0.6,0,889.644,-22.2411,44.4824,118.903,139.747,2.388,0,58.5205,25.3909,25.0036,0.500271
0.706,0.6,0,889.644,-22.2411,44.4824,118.904,139.747,2.38801,0,58.5205,25.3915,25.0036,0.500271
0.707,0.6,0,889.644,-22.2411,44.4824,118.904,139.748,2.38801,0,58.5205,25.392,25.0036,0.50027
0.708,0.6,0,889.644,-22.2411,44.4824,118.904,139.748,2.38802,0,58.5205,25.3926,25.0036,0.50027
0.709,0.6,0,889.644,-22.2411,44.4824,118.904,139.748,2.38802,0,58.5205,25.3932,25.0036,0.50027
0.71,0.6,0,889.644,-22.2411,44.4824,118.905,139.748,2.38803,0,58.5205,25.3938,25.0036,0.500269
0.711,0.6,0,889.644,-22.2411,44.4824,118.905,139.749,2.38803,0,58.5205,25.3944,25.0036,0.500269
0.712,0.6,0,889.644,-22.2411,44.4824,118.905,139.749,2.38804,0,58.5205,25.395,25.0036,0.500268
0.713,0.6,0,889.644,-22.2411,44.4824,118.906,139.749,2.38804,0,58.5205,25.3956,25.0036,0.500268
0.714,0.6,0,889.644,-22.2411,44.4824,118.906,139.75,2.38805,0,58.5204,25.3962,25.0036,0.500268
0.715,0.6,0,889.644,-22.2411,44.4824,118.906,139.75,2.38805,0,58.5204,25.3967,25.0036,0.500267
0.716,0.6,0,889.644,-22.2411,44.4824,118.906,139.75,2.38806,0,58.5204,25.3973,25.0036,0.500267
0.717,0.6,0,889.644,-22.2411,44.4824,118.907,139.75,2.38806,0,58.5204,25.3979,25.0036,0.500267
0.718,0.6,0,889.644,-22.2411,44.4824,118.907,139.751,2.38807,0,58.5204,25.3985,25.0036,0.500266
0.719,0.6,0,889.644,-22.2411,44.4824,118.907,139.751,2.38807,0,58.5204,25.3991,25.0036,0.500266
0.72,0.6,0,889.644,-22.2411,44.4824,118.908,139.751,2.38808,0,58.5204,25.3997,25.0036,0.500265
0.721,0.6,0,889.644,-22.2411,44.4824,118.908,139.751,2.38808,0,58.5204,25.4003,25.0036,0.500265
0.722,0.6,0,889.644,-22.2411,44.4824,118.908,139.752,2.38809,0,58.5204,25.4009,25.0036,0.500265
0.723,0.6,0,889.644,-22.2411,44.4824,118.908,139.752,2.38809,0,58.5204,25.4014,25.0036,0.500264
0.724,0.6,0,889.644,-22.2411,44.4824,118.909,139.752,2.3881,0,58.5204,25.402,25.0036,0.500264
0.725,0.6,0,889.644,-22.2411,44.4824,118.909,139.753,2.3881,0,58.5204,25.4026,25.0036,0.500263
0.726,0.6,0,889.644,-22.2411,44.4824,118.909,139.753,2.38811,0,58.5204,25.4032,25.0036,0.500263
0.727,0.6,0,889.644,-22.2411,44.4824,118.909,139.753,2.38811,0,58.5204,25.4038,25.0036,0.500263
0.728,0.6,0,889.644,-22.2411,44.4824,118.91,139.753,2.38812,0,58.5203,25.4044,25.0036,0.500262
0.729,0.6,0,889.644,-22.2411,44.4824,118.91,139.754,2.38812,0,58.5203,25.405,25.0036,0.500262
0.73,0.6,0,889.644,-22.2411,44.4824,118.91,139.754,2.38813,0,58.5203,25.4056,25.0036,0.500261
0.731,0.6,0,889.644,-22.2411,44.4824,118.911,139.754,2.38813,0,58.5203,25.4062,25.0036,0.500261
0.732,0.6,0,889.644,-22.2411,44.4824,118.911,139.755,2.38814,0,58.5203,25.4067,25.0037,0.500261
0.733,0.6,0,889.644,-22.2411,44.4824,118.911,139.755,2.38814,0,58.5203,25.4073,25.0037,0.50026
0.734,0.6,0,889.644,-22.2411,44.4824,118.911,139.755,2.38815,0,58.5203,25.4079,25.0037,0.50026
0.735,0.6,0,889.644,-22.2411,44.4824,118.912,139.755,2.38815,0,58.5203,25.4085,25.0037,0.50026
0.736,0.6,0,889.644,-22.2411,44.4824,118.912,139.756,2.38816,0,58.5203,25.4091,25.0037,0.500259
0.737,0.6,0,889.644,-22.2411,44.4824,118.912,139.756,2.38816,0,58.5203,25.4097,25.0037,0.500259
0.738,0.6,0,889.644,-22.2411,44.4824,118.912,139.756,2.38817,0,58.5203,25.4103,25.0037,0.500258
0.739,0.6,0,889.644,-22.2411,44.4824,118.913,139.756,2.38817,0,58.5203,25.4109,25.0037,0.500258
0.74,0.6,0,889.644,-22.2411,44.4824,118.913,139.757,2.38818,0,58.5203,25.4114,25.0037,0.500258
0.741,0.6,0,889.644,-22.2411,44.4824,118.913,139.757,2.38818,0,58.5203,25.412,25.0037,0.500257
0.742,0.6,0,889.644,-22.2411,44.4824,118.914,139.757,2.38819,0,58.5202,25.4126,25.0037,0.500257
0.743,0.6,0,889.644,-22.2411,44.4824,118.914,139.758,2.38819,0,58.5202,25.4132,25.0037,0.500256
0.744,0.6,0,889.644,-22.2411,44.4824,118.914,139.758,2.3882,0,58.5202,25.4138,25.0037,0.500256
0.745,0.6,0,889.644,-22.2411,44.4824,118.914,139.758,2.3882,0,58.5202,25.4144,25.0037,0.500256
0.746,0.6,0,889.644,-22.2411,44.4824,118.915,139.758,2.38821,0,58.5202,25.415,25.0037,0.500255
0.747,0.6,0,889.644,-22.2411,44.4824,118.915,139.759,2.38821,0,58.5202,25.4156,25.0037,0.500255
0.748,0.6,0,889.644,-22.2411,44.4824,118.915,139.759,2.38822,0,58.5202,25.4161,25.0037,0.500254
0.749,0.6,0,889.644,-22.2411,44.4824,118.915,139.759,2.38822,0,58.5202,25.4167,25.0037,0.500254
0.75,0.6,0,889.644,-22.2411,44.4824,118.916,139.759,2.38823,0,58.5202,25.4173,25.0037,0.500254
0.751,0.6,0,889.644,-22.2411,44.4824,118.916,139.76,2.38823,0,58.5202,25.4179,25.0037,0.500253
0.752,0.6,0,889.644,-22.2411,44.4824,118.916,139.76,2.38824,0,58.5202,25.4185,25.0037,0.500253
0.753,0.6,0,889.644,-22.2411,44.4824,118.917,139.76,2.38824,0,58.5202,25.4191,25.0037,0.500252
0.754,0.6,0,889.644,-22.2411,44.4824,118.917,139.761,2.38825,0,58.5202,25.4197,25.0037,0.500252
0.755,0.6,0,889.644,-22.2411,44.4824,118.917,139.761,2.38825,0,58.5202,25.4203,25.0037,0.500252
0.756,0.6,0,889.644,-22.2411,44.4824,118.917,139.761,2.38826,0,58.5201,25.4208,25.0037,0.500251
0.757,0.6,0,889.644,-22.2411,44.4824,118.918,139.761,2.38826,0,58.5201,25.4214,25.0037,0.500251
0.758,0.6,0,889.644,-22.2411,44.4824,118.918,139.762,2.38827,0,58.5201,25.422,25.0037,0.500251
0.759,0.6,0,889.644,-22.2411,44.4824,118.918,139.762,2.38827,0,58.5201,25.4226,25.0037,0.50025
0.76,0.6,0,889.644,-22.2411,44.4824,118.918,139.762,2.38828,0,58.5201,25.4232,25.0037,0.50025
0.761,0.6,0,889.644,-22.2411,44.4824,118.919,139.762,2.38828,0,58.5201,25.4238,25.0037,0.500249
0.762,0.6,0,889.644,-22.2411,44.4824,118.919,139.763,2.38829,0,58.5201,25.4244,25.0037,0.500249
0.763,0.6,0,889.644,-22.2411,44.4824,118.919,139.763,2.38829,0,58.5201,25.425,25.0037,0.500249
0.764,0.6,0,889.644,-22.2411,44.4824,118.92,139.763,2.3883,0,58.5201,25.4255,25.0037,0.500248
0.765,0.6,0,889.644,-22.2411,44.4824,118.92,139.764,2.3883,0,58.5201,25.4261,25.0037,0.500248
0.766,0.6,0,889.644,-22.2411,44.4824,118.92,139.764,2.38831,0,58.5201,25.4267,25.0037,0.500247
0.767,0.6,0,889.644,-22.2411,44.4824,118.92,139.764,2.38831,0,58.5201,25.4273,25.0037,0.500247
0.768,0.6,0,889.644,-22.2411,44.4824,118.921,139.764,2.38832,0,58.5201,25.4279,25.0037,0.500247
0.769,0.6,0,889.644,-22.2411,44.4824,118.921,139.765,2.38832,0,58.5201,25.4285,25.0037,0.500246
0.77,0.6,0,889.644,-22.2411,44.4824,118.921,139.765,2.38833,0,58.5201,25.4291,25.0037,0.500246
0.771,0.6,0,889.644,-22.2411,44.4824,118.922,139.765,2.38833,0,58.52,25.4297,25.0037,0.500245
0.772,0.6,0,889.644,-22.2411,44.4824,118.922,139.765,2.38834,0,58.52,25.4302,25.0037,0.500245
0.773,0.6,0,889.644,-22.2411,44.4824,118.922,139.766,2.38834,0,58.52,25.4308,25.0037,0.500245
0.774,0.6,0,889.644,-22.2411,44.4824,118.922,139.766,2.38835,0,58.52,25.4314,25.0037,0.500244
0.775,0.6,0,889.644,-22.2411,44.4824,118.923,139.766,2.38835,0,58.52,25.432,25.0037,0.500244
0.776,0.6,0,889.644,-22.2411,44.4824,118.923,139.767,2.38836,0,58.52,25.4326,25.0037,0.500244
0.777,0.6,0,889.644,-22.2411,44.4824,118.923,139.767,2.38836,0,58.52,25.4332,25.0037,0.500243
0.778,0.6,0,889.644,-22.2411,44.4824,118.923,139.767,2.38837,0,58.52,25.4338,25.0037,0.500243
0.779,0.6,0,889.644,-22.2411,44.4824,118.924,139.767,2.38837,0,58.52,25.4344,25.0037,0.500242
0.78,0.6,0,889.644,-22.2411,44.4824,118.924,139.768,2.38838,0,58.52,25.4349,25.0037,0.500242
0.781,0.6,0,889.644,-22.2411,44.4824,118.924,139.768,2.38838,0,58.52,25.4355,25.0037,0.500242
0.782,0.6,0,889.644,-22.2411,44.4824,118.925,139.768,2.38838,0,58.52,25.4361,25.0037,0.500241
0.783,0.6,0,889.644,-22.2411,44.4824,118.925,139.768,2.38839,0,58.52,25.4367,25.0037,0.500241
0.784,0.6,0,889.644,-22.2411,44.4824,118.925,139.769,2.38839,0,58.52,25.4373,25.0037,0.50024
0.785,0.6,0,889.644,-22.2411,44.4824,118.925,139.769,2.3884,0,58.5199,25.4379,25.0037,0.50024
0.786,0.6,0,889.644,-22.2411,44.4824,118.926,139.769,2.3884,0,58.5199,25.4385,25.0037,0.50024
0.787,0.6,0,889.644,-22.2411,44.4824,118.926,139.77,2.38841,0,58.5199,25.4391,25.0037,0.500239
0.788,0.6,0,889.644,-22.2411,44.4824,118.926,139.77,2.38841,0,58.5199,25.4396,25.0037,0.500239
0.789,0.6,0,889.644,-22.2411,44.4824,118.926,139.77,2.38842,0,58.5199,25.4402,25.0037,0.500238
0.79,0.6,0,889.644,-22.2411,44.4824,118.927,139.77,2.38842,0,58.5199,25.4408,25.0037,0.500238
0.791,0.6,0,889.644,-22.2411,44.4824,118.927,139.771,2.38843,0,58.5199,25.4414,25.0037,0.500238
0.792,0.6,0,889.644,-22.2411,44.4824,118.927,139.771,2.38843,0,58.5199,25.442,25.0037,0.500237
0.793,0.6,0,889.644,-22.2411,44.4824,118.928,139.771,2.38844,0,58.5199,25.4426,25.0037,0.500237
0.794,0.6,0,889.644,-22.2411,44.4824,118.928,139.771,2.38844,0,58.5199,25.4432,25.0037,0.500236
0.795,0.6,0,889.644,-22.2411,44.4824,118.928,139.772,2.38845,0,58.5199,25.4438,25.0037,0.500236
0.796,0.6,0,889.644,-22.2411,44.4824,118.928,139.772,2.38845,0,58.5199,25.4443,25.0037,0.500236
0.797,0.6,0,889.644,-22.2411,44.4824,118.929,139.772,2.38846,0,58.5199,25.4449,25.0037,0.500235
0.798,0.6,0,889.644,-22.2411,44.4824,118.929,139.773,2.38846,0,58.5199,25.4455,25.0037,0.500235
0.799,0.6,0,889.644,-22.2411,44.4824,118.929,139.773,2.38847,0,58.5198,25.4461,25.0037,0.500235
0.8,0.6,0,889.644,-22.2411,44.4824,118.929,139.773,2.38847,0,58.5198,25.4467,25.0037,0.500234
0.801,0.6,0,889.644,-22.2411,44.4824,118.93,139.773,2.38848,0,58.5198,25.4473,25.0037,0.500234
0.802,0.6,0,889.644,-22.2411,44.4824,118.93,139.774,2.38848,0,58.5198,25.4479,25.0037,0.500233
0.803,0.6,0,889.644,-22.2411,44.4824,118.93,139.774,2.38849,0,58.5198,25.4485,25.0038,0.500233
0.804,0.6,0,889.644,-22.2411,44.4824,118.931,139.774,2.38849,0,58.5198,25.449,25.0038,0.500233
0.805,0.6,0,889.644,-22.2411,44.4824,118.931,139.775,2.3885,0,58.5198,25.4496,25.0038,0.500232
0.806,0.6,0,889.644,-22.2411,44.4824,118.931,139.775,2.3885,0,58.5198,25.4502,25.0038,0.500232
0.807,0.6,0,889.644,-22.2411,44.4824,118.931,139.775,2.38851,0,58.5198,25.4508,25.0038,0.500231
0.808,0.6,0,889.644,-22.2411,44.4824,118.932,139.775,2.38851,0,58.5198,25.4514,25.0038,0.500231
0.809,0.6,0,889.644,-22.2411,44.4824,118.932,139.776,2.38852,0,58.5198,25.452,25.0038,0.500231
0.81,0.6,0,889.644,-22.2411,44.4824,118.932,139.776,2.38852,0,58.5198,25.4526,25.0038,0.50023
0.811,0.6,0,889.644,-22.2411,44.4824,118.932,139.776,2.38853,0,58.5198,25.4532,25.0038,0.50023
0.812,0.6,0,889.644,-22.2411,44.4824,118.933,139.776,2.38853,0,58.5198,25.4537,25.0038,0.500229
0.813,0.6,0,889.644,-22.2411,44.4824,118.933,139.777,2.38854,0,58.5197,25.4543,25.0038,0.500229
0.814,0.6,0,889.644,-22.2411,44.4824,118.933,139.777,2.38854,0,58.5197,25.4549,25.0038,0.500229
0.815,0.6,0,889.644,-22.2411,44.4824,118.934,139.777,2.38855,0,58.5197,25.4555,25.0038,0.500228
0.816,0.6,0,889.644,-22.2411,44.4824,118.934,139.778,2.38855,0,58.5197,25.4561,25.0038,0.500228
0.817,0.6,0,889.644,-22.2411,44.4824,118.934,139.778,2.38856,0,58.5197,25.4567,25.0038,0.500228
0.818,0.6,0,889.644,-22.2411,44.4824,118.934,139.778,2.38856,0,58.5197,25.4573,25.0038,0.500227
0.819,0.6,0,889.644,-22.2411,44.4824,118.935,139.778,2.38857,0,58.5197,25.4578,25.0038,0.500227
0.82,0.6,0,889.644,-22.2411,44.4824,118.935,139.779,2.38857,0,58.5197,25.4584,25.0038,0.500226
0.821,0.6,0,889.644,-22.2411,44.4824,118.935,139.779,2.38858,0,58.5197,25.459,25.0038,0.500226
0.822,0.6,0,889.644,-22.2411,44.4824,118.936,139.779,2.38858,0,58.5197,25.4596,25.0038,0.500226
0.823,0.6,0,889.644,-22.2411,44.4824,118.936,139.779,2.38859,0,58.5197,25.4602,25.0038,0.500225
0.824,0.6,0,889.644,-22.2411,44.4824,118.936,139.78,2.38859,0,58.5197,25.4608,25.0038,0.500225
0.825,0.6,0,889.644,-22.2411,44.4824,118.936,139.78,2.3886,0,58.5197,25.4614,25.0038,0.500224
0.826,0.6,0,889.644,-22.2411,44.4824,118.937,139.78,2.3886,0,58.5197,25.462,25.0038,0.500224
0.827,0.6,0,889.644,-22.2411,44.4824,118.937,139.781,2.38861,0,58.5196,25.4625,25.0038,0.500224
0.828,0.6,0,889.644,-22.2411,44.4824,118.937,139.781,2.38861,0,58.5196,25.4631,25.0038,0.500223
0.829,0.599999,-0.00209177,889.446,-23.3929,46.7861,131.575,156.463,2.67928,0,58.3976,25.4638,25.0038,0.500223
0.83,0.599996,-0.00505263,889.657,-23.3985,46.7971,131.638,158.725,2.71878,0,58.381,25.4644,25.0038,0.500222
0.831,0.599989,-0.00801344,889.652,-23.3985,46.7971,131.638,161.494,2.76718,0,58.3606,25.4651,25.0038,0.500222
0.832,0.59998,-0.0109742,889.65,-23.3985,46.7972,131.639,164.265,2.81563,0,58.3403,25.4657,25.0038,0.500221
0.833,0.599968,-0.0139348,889.648,-23.3985,46.7972,131.64,167.035,2.86412,0,58.3199,25.4664,25.0038,0.500221
0.834,0.599952,-0.0168953,889.646,-23.3986,46.7973,131.641,169.805,2.91263,0,58.2995,25.467,25.0038,0.50022
0.835,0.599934,-0.0198556,889.645,-23.3986,46.7975,131.642,172.575,2.96118,0,58.2791,25.4677,25.0038,0.50022
0.836,0.599913,-0.0228157,889.645,-23.3987,46.7976,131.643,175.345,3.00977,0,58.2587,25.4683,25.0038,0.50022
0.837,0.599888,-0.0257756,889.644,-23.3988,46.7977,131.644,178.115,3.05838,0,58.2383,25.469,25.0038,0.500219
0.838,0.599861,-0.0287352,889.644,-23.3988,46.7979,131.645,180.884,3.10703,0,58.2178,25.4696,25.0038,0.500219
0.839,0.599831,-0.0316946,889.644,-23.3989,46.798,131.646,183.654,3.1557,0,58.1974,25.4703,25.0038,0.500218
0.84,0.599798,-0.0346537,889.644,-23.399,46.7981,131.647,186.422,3.2044,0,58.1769,25.4709,25.0038,0.500217
0.841,0.599762,-0.0376124,889.644,-23.399,46.7982,131.648,189.191,3.25314,0,58.1565,25.4716,25.0038,0.500217
0.842,0.599723,-0.0405707,889.644,-23.3991,46.7983,131.649,191.959,3.3019,0,58.136,25.4722,25.0038,0.500216
0.843,0.599681,-0.0435286,889.644,-23.3991,46.7985,131.65,194.727,3.35069,0,58.1155,25.4729,25.0038,0.500216
0.844,0.599636,-0.0464861,889.644,-23.3992,46.7986,131.651,197.494,3.3995,0,58.095,25.4735,25.0038,0.500215
0.845,0.599588,-0.0494432,889.644,-23.3992,46.7986,131.652,200.261,3.44835,0,58.0744,25.4742,25.0038,0.500215
0.846,0.599537,-0.0523997,889.644,-23.3993,46.7987,131.652,203.027,3.49722,0,58.0539,25.4748,25.0038,0.500214
0.847,0.599483,-0.0553558,889.644,-23.3993,46.7988,131.653,205.793,3.54612,0,58.0334,25.4755,25.0038,0.500214
0.848,0.599427,-0.0583113,889.644,-23.3993,46.7989,131.654,208.558,3.59504,0,58.0128,25.4761,25.0038,0.500213
0.849,0.599367,-0.0612662,889.644,-23.3994,46.7989,131.655,211.323,3.64399,0,57.9922,25.4768,25.0038,0.500212
0.85,0.599304,-0.0642205,889.644,-23.3994,46.799,131.655,214.087,3.69296,0,57.9717,25.4774,25.0038,0.500212
0.851,0.599239,-0.0671742,889.644,-23.3994,46.799,131.656,216.85,3.74195,0,57.9511,25.4781,25.0038,0.500211
0.852,0.59917,-0.0701272,889.644,-23.3994,46.7991,131.656,219.613,3.79097,0,57.9305,25.4787,25.0038,0.500211
0.853,0.599099,-0.0730795,889.644,-23.3995,46.7991,131.657,222.375,3.84002,0,57.9099,25.4794,25.0038,0.50021
0.854,0.599024,-0.0760311,889.644,-23.3995,46.7991,131.657,225.136,3.88909,0,57.8893,25.48,25.0038,0.500209
0.855,0.598947,-0.0789819,889.644,-23.3995,46.7992,131.658,227.897,3.93817,0,57.8686,25.4807,25.0038,0.500209
0.856,0.598866,-0.081932,889.644,-23.3995,46.7992,131.658,230.657,3.98729,0,57.848,25.4813,25.0038,0.500208
0.857,0.598783,-0.0848813,889.644,-23.3995,46.7992,131.659,233.415,4.03642,0,57.8274,25.482,25.0038,0.500207
0.858,0.598697,-0.0878297,889.644,-23.3995,46.7992,131.659,236.173,4.08557,0,57.8067,25.4826,25.0038,0.500207
0.859,0.598607,-0.0907773,889.644,-23.3995,46.7992,131.659,238.931,4.13475,0,57.786,25.4833,25.0038,0.500206
0.86,0.598515,-0.0937239,889.644,-23.3995,46.7991,131.659,241.687,4.18394,0,57.7654,25.4839,25.0038,0.500205
0.861,0.59842,-0.0966697,889.644,-23.3994,46.7991,131.66,244.442,4.23316,0,57.7447,25.4846,25.0038,0.500205
0.862,0.598322,-0.0996144,889.644,-23.3994,46.7991,131.66,247.197,4.28239,0,57.724,25.4852,25.0038,0.500204
0.863,0.598221,-0.102558,889.644,-23.3994,46.799,131.66,249.95,4.33164,0,57.7033,25.4859,25.0039,0.500203
0.864,0.598117,-0.105501,889.644,-23.3994,46.799,131.66,252.703,4.38091,0,57.6826,25.4865,25.0039,0.500203
0.865,0.59801,-0.108443,889.644,-23.3994,46.7989,131.66,255.454,4.4302,0,57.6619,25.4872,25.0039,0.500202
0.866,0.5979,-0.111383,889.644,-23.3993,46.7989,131.66,258.204,4.47951,0,57.6412,25.4878,25.0039,0.500201
0.867,0.597788,-0.114323,889.644,-23.3993,46.7988,131.66,260.953,4.52883,0,57.6205,25.4885,25.0039,0.5002
0.868,0.597672,-0.117261,889.644,-23.3992,46.7987,131.66,263.701,4.57817,0,57.5997,25.4891,25.0039,0.5002
0.869,0.597553,-0.120199,889.644,-23.3992,46.7986,131.66,266.448,4.62753,0,57.579,25.4898,25.0039,0.500199
0.87,0.597432,-0.123135,889.644,-23.3992,46.7985,131.659,269.194,4.6769,0,57.5582,25.4904,25.0039,0.500198
0.871,0.597307,-0.12607,889.644,-23.3991,46.7984,131.659,271.938,4.72628,0,57.5375,25.4911,25.0039,0.500197
0.872,0.59718,-0.129003,889.644,-23.399,46.7983,131.659,274.682,4.77568,0,57.5167,25.4917,25.0039,0.500197
0.873,0.597049,-0.131936,889.644,-23.399,46.7982,131.659,277.424,4.8251,0,57.496,25.4924,25.0039,0.500196
0.874,0.596916,-0.134867,889.644,-23.3989,46.7981,131.658,280.164,4.87453,0,57.4752,25.493,25.0039,0.500195
0.875,0.59678,-0.137797,889.644,-23.3989,46.7979,131.658,282.904,4.92397,0,57.4544,25.4937,25.0039,0.500194
0.876,0.59664,-0.140725,889.644,-23.3988,46.7978,131.657,285.642,4.97342,0,57.4336,25.4943,25.0039,0.500193
0.877,0.596498,-0.143652,889.644,-23.3987,46.7977,131.657,288.378,5.02289,0,57.4129,25.495,25.0039,0.500193
0.878,0.596353,-0.146578,889.644,-23.3986,46.7975,131.656,291.113,5.07236,0,57.3921,25.4956,25.0039,0.500192
0.879,0.596205,-0.149502,889.644,-23.3986,46.7973,131.656,293.847,5.12185,0,57.3713,25.4963,25.0039,0.500191
0.88,0.596054,-0.152424,889.644,-23.3985,46.7972,131.655,296.579,5.17135,0,57.3505,25.4969,25.0039,0.50019
0.881,0.595901,-0.155345,889.645,-23.3984,46.797,131.654,299.31,5.22086,0,57.3297,25.4976,25.0039,0.500189
0.882,0.595744,-0.158265,889.645,-23.3983,46.7968,131.654,302.039,5.27038,0,57.3089,25.4982,25.0039,0.500188
0.883,0.595584,-0.161183,889.645,-23.3982,46.7966,131.653,304.767,5.31991,0,57.288,25.4989,25.0039,0.500188
0.884,0.595422,-0.1641,889.645,-23.3981,46.7964,131.652,307.493,5.36944,0,57.2672,25.4995,25.0039,0.500187
0.885,0.595256,-0.167014,889.645,-23.398,46.7962,131.651,310.218,5.41899,0,57.2464,25.5002,25.0039,0.500186
0.886,0.595088,-0.169928,889.645,-23.3979,46.796,131.65,312.941,5.46854,0,57.2256,25.5008,25.0039,0.500185
0.887,0.594917,-0.172839,889.645,-23.3978,46.7958,131.65,315.662,5.5181,0,57.2048,25.5015,25.0039,0.500184
0.888,0.594742,-0.175749,889.645,-23.3977,46.7955,131.649,318.381,5.56767,0,57.1839,25.5021,25.0039,0.500183
0.889,0.594565,-0.178657,889.645,-23.3975,46.7953,131.648,321.099,5.61724,0,57.1631,25.5028,25.0039,0.500182
0.89,0.594385,-0.181563,889.645,-23.3974,46.7951,131.647,323.815,5.66682,0,57.1423,25.5034,25.0039,0.500181
0.891,0.594202,-0.184468,889.645,-23.3973,46.7948,131.645,326.529,5.71641,0,57.1214,25.5041,25.0039,0.50018
0.892,0.594016,-0.187371,889.645,-23.3972,46.7945,131.644,329.242,5.76599,0,57.1006,25.5047,25.0039,0.500179
0.893,0.593828,-0.190271,889.645,-23.397,46.7943,131.643,331.952,5.81559,0,57.0797,25.5054,25.0039,0.500178
0.894,0.593636,-0.19317,889.645,-23.3969,46.794,131.642,334.661,5.86518,0,57.0589,25.506,25.0039,0.500178
0.895,0.593441,-0.196067,889.645,-23.3967,46.7937,131.641,337.368,5.91478,0,57.0381,25.5067,25.0039,0.500177
0.896,0.593244,-0.198963,889.645,-23.3966,46.7934,131.639,340.073,5.96439,0,57.0172,25.5073,25.0039,0.500176
0.897,0.593044,-0.201856,889.645,-23.3965,46.7931,131.638,342.776,6.01399,0,56.9964,25.508,25.0039,0.500175
0.898,0.59284,-0.204747,889.645,-23.3963,46.7928,131.637,345.477,6.0636,0,56.9755,25.5086,25.0039,0.500174
0.899,0.592634,-0.207636,889.645,-23.3961,46.7925,131.635,348.176,6.11321,0,56.9547,25.5093,25.0039,0.500173
0.9,0.592425,-0.210523,889.645,-23.396,46.7922,131.634,350.873,6.16282,0,56.9338,25.5099,25.0039,0.500172
0.901,0.592213,-0.213408,889.645,-23.3958,46.7919,131.632,353.567,6.21242,0,56.913,25.5106,25.0039,0.500171
0.902,0.591999,-0.216291,889.645,-23.3957,46.7915,131.631,356.26,6.26203,0,56.8921,25.5112,25.0039,0.50017
0.903,0.591781,-0.219172,889.645,-23.3955,46.7912,131.629,358.951,6.31164,0,56.8713,25.5119,25.0039,0.500169
0.904,0.59156,-0.222051,889.645,-23.3953,46.7908,131.628,361.639,6.36125,0,56.8504,25.5125,25.0039,0.500168
0.905,0.591337,-0.224927,889.645,-23.3951,46.7905,131.626,364.326,6.41085,0,56.8296,25.5132,25.0039,0.500166
0.906,0.591111,-0.227801,889.645,-23.395,46.7901,131.624,367.01,6.46045,0,56.8087,25.5138,25.0039,0.500165
0.907,0.590881,-0.230673,889.645,-23.3948,46.7898,131.622,369.692,6.51005,0,56.7879,25.5145,25.004,0.500164
0.908,0.590649,-0.233543,889.645,-23.3946,46.7894,131.621,372.372,6.55965,0,56.767,25.5151,25.004,0.500163
0.909,0.590415,-0.23641,889.645,-23.3944,46.789,131.619,375.049,6.60924,0,56.7462,25.5158,25.004,0.500162
0.91,0.590177,-0.239275,889.645,-23.3942,46.7886,131.617,377.724,6.65882,0,56.7254,25.5164,25.004,0.500161
0.911,0.589936,-0.242138,889.645,-23.394,46.7882,131.615,380.397,6.70841,0,56.7045,25.5171,25.004,0.50016
0.912,0.589693,-0.244998,889.645,-23.3938,46.7878,131.613,383.067,6.75798,0,56.6837,25.5177,25.004,0.500159
0.913,0.589446,-0.247856,889.645,-23.3936,46.7874,131.611,385.735,6.80755,0,56.6628,25.5184,25.004,0.500158
0.914,0.589197,-0.250712,889.645,-23.3934,46.7869,131.609,388.401,6.85712,0,56.642,25.519,25.004,0.500157
0.915,0.588945,-0.253564,889.645,-23.3931,46.7865,131.607,391.064,6.90667,0,56.6212,25.5197,25.004,0.500156
0.916,0.58869,-0.256415,889.645,-23.3929,46.7861,131.605,393.725,6.95622,0,56.6004,25.5203,25.004,0.500154
0.917,0.588432,-0.259263,889.645,-23.3927,46.7856,131.603,396.383,7.00576,0,56.5795,25.521,25.004,0.500153
0.918,0.588172,-0.262108,889.645,-23.3925,46.7852,131.6,399.039,7.0553,0,56.5587,25.5216,25.004,0.500152
0.919,0.587908,-0.264951,889.645,-23.3922,46.7847,131.598,401.692,7.10482,0,56.5379,25.5223,25.004,0.500151
0.92,0.587642,-0.267791,889.645,-23.392,46.7843,131.596,404.342,7.15433,0,56.5171,25.5229,25.004,0.50015
0.921,0.587373,-0.270629,889.645,-23.3918,46.7838,131.594,406.99,7.20384,0,56.4963,25.5236,25.004,0.500149
0.922,0.587101,-0.273464,889.645,-23.3915,46.7833,131.591,409.635,7.25333,0,56.4755,25.5242,25.004,0.500148
0.923,0.586826,-0.276296,889.645,-23.3913,46.7828,131.589,412.278,7.30281,0,56.4547,25.5249,25.004,0.500146
0.924,0.586548,-0.279125,889.645,-23.391,46.7823,131.586,414.918,7.35228,0,56.4339,25.5255,25.004,0.500145
0.925,0.586268,-0.281952,889.645,-23.3908,46.7818,131.584,417.555,7.40173,0,56.4131,25.5262,25.004,0.500144
0.926,0.585985,-0.284776,889.645,-23.3905,46.7813,131.581,420.189,7.45118,0,56.3923,25.5268,25.004,0.500143
0.927,0.585699,-0.287597,889.645,-23.3903,46.7808,131.579,422.821,7.50061,0,56.3716,25.5275,25.004,0.500141
0.928,0.58541,-0.290415,889.645,-23.39,46.7802,131.576,425.45,7.55002,0,56.3508,25.5281,25.004,0.50014
0.929,0.585118,-0.29323,889.645,-23.3897,46.7797,131.573,428.076,7.59942,0,56.33,25.5288,25.004,0.500139
0.93,0.584823,-0.296043,889.645,-23.3895,46.7792,131.571,430.699,7.64881,0,56.3093,25.5294,25.004,0.500138
0.931,0.584526,-0.298852,889.645,-23.3892,46.7786,131.568,433.319,7.69818,0,56.2885,25.5301,25.004,0.500137
0.932,0.584226,-0.301659,889.645,-23.3889,46.7781,131.565,435.936,7.74753,0,56.2678,25.5307,25.004,0.500135
0.933,0.583923,-0.304463,889.646,-23.3886,46.7775,131.562,438.551,7.79687,0,56.247,25.5314,25.004,0.500134
0.934,0.583617,-0.307263,889.646,-23.3884,46.7769,131.559,441.162,7.84619,0,56.2263,25.532,25.004,0.500133
0.935,0.583308,-0.310061,889.646,-23.3881,46.7764,131.556,443.771,7.89549,0,56.2056,25.5326,25.004,0.500131
0.936,0.582997,-0.312855,889.646,-23.3878,46.7758,131.554,446.376,7.94478,0,56.1849,25.5333,25.004,0.50013
0.937,0.582683,-0.315647,889.646,-23.3875,46.7752,131.551,448.979,7.99404,0,56.1642,25.5339,25.004,0.500129
0.938,0.582366,-0.318435,889.646,-23.3872,46.7746,131.548,451.578,8.04329,0,56.1435,25.5346,25.004,0.500128
0.939,0.582046,-0.32122,889.646,-23.3869,46.774,131.544,454.174,8.09251,0,56.1228,25.5352,25.004,0.500126
0.94,0.581723,-0.324002,889.646,-23.3866,46.7734,131.541,456.767,8.14172,0,56.1021,25.5359,25.004,0.500125
0.941,0.581398,-0.326781,889.646,-23.3863,46.7727,131.538,459.357,8.1909,0,56.0814,25.5365,25.004,0.500124
0.942,0.58107,-0.329557,889.646,-23.3859,46.7721,131.535,461.944,8.24006,0,56.0607,25.5372,25.0041,0.500122
0.943,0.580739,-0.332329,889.646,-23.3856,46.7715,131.532,464.528,8.2892,0,56.0401,25.5378,25.0041,0.500121
0.944,0.580406,-0.335098,889.646,-23.3853,46.7708,131.528,467.108,8.33832,0,56.0194,25.5385,25.0041,0.500119
0.945,0.580069,-0.337864,889.646,-23.385,46.7702,131.525,469.685,8.38741,0,55.9988,25.5391,25.0041,0.500118
0.946,0.57973,-0.340626,889.646,-23.3847,46.7695,131.522,472.259,8.43648,0,55.9782,25.5398,25.0041,0.500117
0.947,0.579388,-0.343385,889.646,-23.3843,46.7689,131.518,474.829,8.48553,0,55.9576,25.5404,25.0041,0.500115
0.948,0.579043,-0.346141,889.646,-23.384,46.7682,131.515,477.396,8.53454,0,55.937,25.5411,25.0041,0.500114
0.949,0.578696,-0.348893,889.646,-23.3836,46.7675,131.511,479.96,8.58354,0,55.9164,25.5417,25.0041,0.500113
0.95,0.578346,-0.351642,889.646,-23.3833,46.7668,131.508,482.521,8.63251,0,55.8958,25.5424,25.0041,0.500111
0.951,0.577993,-0.354387,889.646,-23.383,46.7661,131.504,485.078,8.68145,0,55.8752,25.543,25.0041,0.50011
0.952,0.577637,-0.357129,889.646,-23.3826,46.7654,131.501,487.631,8.73036,0,55.8546,25.5437,25.0041,0.500108
0.953,0.577279,-0.359868,889.646,-23.3823,46.7647,131.497,490.181,8.77924,0,55.8341,25.5443,25.0041,0.500107
0.954,0.576917,-0.362602,889.646,-23.3819,46.764,131.493,492.728,8.8281,0,55.8135,25.545,25.0041,0.500105
0.955,0.576554,-0.365333,889.646,-23.3815,46.7633,131.49,495.271,8.87693,0,55.793,25.5456,25.0041,0.500104
0.956,0.576187,-0.368061,889.646,-23.3812,46.7626,131.486,497.81,8.92573,0,55.7725,25.5463,25.0041,0.500103
0.957,0.575818,-0.370785,889.646,-23.3808,46.7618,131.482,500.346,8.9745,0,55.752,25.5469,25.0041,0.500101
0.958,0.575445,-0.373505,889.646,-23.3804,46.7611,131.478,502.878,9.02323,0,55.7315,25.5476,25.0041,0.5001
0.959,0.575071,-0.376222,889.646,-23.3801,46.7603,131.474,505.407,9.07194,0,55.711,25.5482,25.0041,0.500098
0.96,0.574693,-0.378935,889.646,-23.3797,46.7596,131.47,507.932,9.12061,0,55.6906,25.5489,25.0041,0.500097
0.961,0.574313,-0.381644,889.646,-23.3793,46.7588,131.466,510.454,9.16925,0,55.6701,25.5495,25.0041,0.500095
0.962,0.57393,-0.384349,889.646,-23.3789,46.758,131.462,512.971,9.21786,0,55.6497,25.5502,25.0041,0.500094
0.963,0.573544,-0.387051,889.646,-23.3785,46.7573,131.458,515.485,9.26644,0,55.6293,25.5508,25.0041,0.500092
0.964,0.573156,-0.389749,889.646,-23.3781,46.7565,131.454,517.995,9.31498,0,55.6089,25.5515,25.0041,0.500091
0.965,0.572765,-0.392443,889.646,-23.3777,46.7557,131.45,520.502,9.36348,0,55.5885,25.5521,25.0041,0.500089
0.966,0.572371,-0.395133,889.646,-23.3773,46.7549,131.446,523.004,9.41195,0,55.5681,25.5528,25.0041,0.500088
0.967,0.571975,-0.397819,889.646,-23.3769,46.7541,131.442,525.503,9.46039,0,55.5477,25.5534,25.0041,0.500086
0.968,0.571576,-0.400501,889.646,-23.3765,46.7533,131.438,527.998,9.50878,0,55.5274,25.554,25.0041,0.500084
0.969,0.571174,-0.403179,889.646,-23.3761,46.7524,131.433,530.489,9.55714,0,55.5071,25.5547,25.0041,0.500083
0.97,0.57077,-0.405854,889.646,-23.3757,46.7516,131.429,532.976,9.60547,0,55.4867,25.5553,25.0041,0.500081
0.971,0.570362,-0.408524,889.646,-23.3753,46.7508,131.425,535.459,9.65375,0,55.4664,25.556,25.0041,0.50008
0.972,0.569953,-0.41119,889.646,-23.3749,46.7499,131.42,537.939,9.702,0,55.4462,25.5566,25.0042,0.500078
0.973,0.56954,-0.413852,889.646,-23.3744,46.7491,131.416,540.414,9.7502,0,55.4259,25.5573,25.0042,0.500077
0.974,0.569125,-0.41651,889.646,-23.374,46.7482,131.411,542.885,9.79837,0,55.4056,25.5579,25.0042,0.500075
0.975,0.568707,-0.419164,889.646,-23.3736,46.7474,131.407,545.352,9.84649,0,55.3854,25.5586,25.0042,0.500073
0.976,0.568287,-0.421814,889.646,-23.3731,46.7465,131.402,547.815,9.89458,0,55.3652,25.5592,25.0042,0.500072
0.977,0.567864,-0.42446,889.646,-23.3727,46.7456,131.398,550.274,9.94262,0,55.345,25.5599,25.0042,0.50007
0.978,0.567438,-0.427101,889.646,-23.3722,46.7447,131.393,552.729,9.99062,0,55.3248,25.5605,25.0042,0.500069
0.979,0.56701,-0.429739,889.646,-23.3718,46.7438,131.388,555.18,10.0386,0,55.3047,25.5612,25.0042,0.500067
0.98,0.566579,-0.432372,889.646,-23.3714,46.7429,131.384,557.627,10.0865,0,55.2845,25.5618,25.0042,0.500065
0.981,0.566145,-0.435001,889.646,-23.3709,46.742,131.379,560.069,10.1344,0,55.2644,25.5625,25.0042,0.500064
0.982,0.565709,-0.437625,889.646,-23.3704,46.7411,131.374,562.507,10.1822,0,55.2443,25.5631,25.0042,0.500062
0.983,0.56527,-0.440245,889.646,-23.37,46.7402,131.369,564.941,10.23,0,55.2242,25.5638,25.0042,0.50006
0.984,0.564829,-0.442861,889.646,-23.3695,46.7393,131.364,567.371,10.2777,0,55.2041,25.5644,25.0042,0.500059
0.985,0.564384,-0.445472,889.646,-23.3691,46.7383,131.359,569.797,10.3254,0,55.1841,25.5651,25.0042,0.500057
0.986,0.563938,-0.44808,889.646,-23.3686,46.7374,131.354,572.218,10.373,0,55.164,25.5657,25.0042,0.500055
0.987,0.563488,-0.450682,889.647,-23.3681,46.7365,131.35,574.635,10.4206,0,55.144,25.5664,25.0042,0.500054
0.988,0.563036,-0.45328,889.647,-23.3676,46.7355,131.344,577.047,10.4682,0,55.124,25.567,25.0042,0.500052
0.989,0.562582,-0.455874,889.647,-23.3672,46.7345,131.339,579.455,10.5156,0,55.1041,25.5677,25.0042,0.50005
0.99,0.562125,-0.458463,889.647,-23.3667,46.7336,131.334,581.859,10.5631,0,55.0841,25.5683,25.0042,0.500048
0.991,0.561665,-0.461048,889.647,-23.3662,46.7326,131.329,584.258,10.6105,0,55.0642,25.5689,25.0042,0.500047
0.992,0.561203,-0.463628,889.647,-23.3657,46.7316,131.324,586.653,10.6578,0,55.0443,25.5696,25.0042,0.500045
0.993,0.560738,-0.466204,889.647,-23.3652,46.7306,131.319,589.043,10.7051,0,55.0244,25.5702,25.0042,0.500043
0.994,0.560271,-0.468775,889.647,-23.3647,46.7296,131.313,591.429,10.7524,0,55.0045,25.5709,25.0042,0.500041
0.995,0.559801,-0.471341,889.647,-23.3642,46.7286,131.308,593.81,10.7995,0,54.9847,25.5715,25.0042,0.50004
0.996,0.559328,-0.473903,889.647,-23.3637,46.7276,131.303,596.187,10.8467,0,54.9649,25.5722,25.0042,0.500038
0.997,0.558853,-0.47646,889.647,-23.3632,46.7266,131.297,598.559,10.8938,0,54.9451,25.5728,25.0042,0.500036
0.998,0.558375,-0.479012,889.647,-23.3627,46.7256,131.292,600.926,10.9408,0,54.9253,25.5735,25.0042,0.500034
0.999,0.557895,-0.48156,889.647,-23.3622,46.7246,131.287,603.289,10.9878,0,54.9056,25.5741,25.0043,0.500033
1,0.557412,-0.484102,889.647,-23.3616,46.7235,131.281,605.647,11.0347,0,54.8858,25.5748,25.0043,0.500031
1.001,0.556927,-0.48664,889.647,-23.3611,46.7225,131.276,608.001,11.0815,0,54.8661,25.5754,25.0043,0.500029
1.002,0.556439,-0.489174,889.647,-23.3606,46.7214,131.27,610.35,11.1283,0,54.8464,25.5761,25.0043,0.500027
1.003,0.555949,-0.491702,889.647,-23.3601,46.7204,131.264,612.694,11.1751,0,54.8268,25.5767,25.0043,0.500025
1.004,0.555456,-0.494226,889.647,-23.3595,46.7193,131.259,615.033,11.2218,0,54.8072,25.5774,25.0043,0.500023
1.005,0.55496,-0.496744,889.647,-23.359,46.7182,131.253,617.368,11.2684,0,54.7876,25.578,25.0043,0.500022
1.006,0.554463,-0.499258,889.647,-23.3585,46.7172,131.247,619.698,11.315,0,54.768,25.5786,25.0043,0.50002
1.007,0.553962,-0.501767,889.647,-23.3579,46.7161,131.242,622.023,11.3615,0,54.7484,25.5793,25.0043,0.500018
1.008,0.553459,-0.504271,889.647,-23.3574,46.715,131.236,624.343,11.4079,0,54.7289,25.5799,25.0043,0.500016
1.009,0.552954,-0.50677,889.647,-23.3568,46.7139,131.23,626.658,11.4543,0,54.7094,25.5806,25.0043,0.500014
1.01,0.552446,-0.509264,889.647,-23.3563,46.7128,131.224,628.968,11.5006,0,54.6899,25.5812,25.0043,0.500012
1.011,0.551935,-0.511753,889.647,-23.3557,46.7117,131.218,631.274,11.5469,0,54.6704,25.5819,25.0043,0.50001
1.012,0.551422,-0.514236,889.647,-23.3552,46.7106,131.212,633.574,11.5931,0,54.651,25.5825,25.0043,0.500009
1.013,0.550907,-0.516715,889.647,-23.3546,46.7094,131.206,635.87,11.6392,0,54.6316,25.5832,25.0043,0.500007
1.014,0.550389,-0.519189,889.647,-23.354,46.7083,131.2,638.161,11.6853,0,54.6122,25.5838,25.0043,0.500005
1.015,0.549869,-0.521657,889.647,-23.3535,46.7072,131.194,640.446,11.7313,0,54.5929,25.5845,25.0043,0.500003
1.016,0.549346,-0.524121,889.647,-23.3529,46.706,131.188,642.727,11.7773,0,54.5736,25.5851,25.0043,0.500001
1.017,0.548821,-0.526579,889.647,-23.3523,46.7049,131.182,645.002,11.8231,0,54.5543,25.5858,25.0043,0.499999
1.018,0.548293,-0.529032,889.647,-23.3517,46.7037,131.176,647.273,11.8689,0,54.535,25.5864,25.0043,0.499997
1.019,0.547763,-0.53148,889.647,-23.3512,46.7026,131.17,649.538,11.9147,0,54.5158,25.5871,25.0043,0.499995
1.02,0.54723,-0.533922,889.647,-23.3506,46.7014,131.164,651.798,11.9603,0,54.4966,25.5877,25.0043,0.499993
1.021,0.546695,-0.53636,889.647,-23.35,46.7002,131.157,654.053,12.006,0,54.4774,25.5883,25.0043,0.499991
1.022,0.546157,-0.538792,889.647,-23.3494,46.699,131.151,656.303,12.0515,0,54.4583,25.589,25.0043,0.499989
1.023,0.545617,-0.541218,889.647,-23.3488,46.6979,131.145,658.548,12.097,0,54.4392,25.5896,25.0044,0.499987
1.024,0.545075,-0.54364,889.647,-23.3482,46.6967,131.138,660.787,12.1423,0,54.4201,25.5903,25.0044,0.499985
1.025,0.54453,-0.546056,889.647,-23.3476,46.6955,131.132,663.022,12.1877,0,54.401,25.5909,25.0044,0.499983
1.026,0.543983,-0.548466,889.647,-23.347,46.6943,131.125,665.251,12.2329,0,54.382,25.5916,25.0044,0.499981
1.027,0.543433,-0.550871,889.647,-23.3464,46.693,131.119,667.474,12.2781,0,54.363,25.5922,25.0044,0.499979
1.028,0.542881,-0.553271,889.647,-23.3458,46.6918,131.112,669.693,12.3232,0,54.344,25.5929,25.0044,0.499977
1.029,0.542327,-0.555665,889.647,-23.3452,46.6906,131.106,671.906,12.3682,0,54.3251,25.5935,25.0044,0.499975
1.03,0.54177,-0.558054,889.647,-23.3446,46.6894,131.099,674.114,12.4132,0,54.3062,25.5942,25.0044,0.499973
1.031,0.541211,-0.560438,889.647,-23.3439,46.6881,131.093,676.316,12.4581,0,54.2873,25.5948,25.0044,0.499971
1.032,0.540649,-0.562815,889.647,-23.3433,46.6869,131.086,678.513,12.5029,0,54.2685,25.5954,25.0044,0.499969
1.033,0.540086,-0.565187,889.647,-23.3427,46.6856,131.079,680.705,12.5476,0,54.2497,25.5961,25.0044,0.499967
1.034,0.539519,-0.567554,889.647,-23.3421,46.6844,131.072,682.891,12.5923,0,54.2309,25.5967,25.0044,0.499965
1.035,0.538951,-0.569915,889.647,-23.3414,46.6831,131.066,685.071,12.6369,0,54.2122,25.5974,25.0044,0.499963
1.036,0.53838,-0.57227,889.647,-23.3408,46.6818,131.059,687.247,12.6814,0,54.1935,25.598,25.0044,0.499961
1.037,0.537806,-0.57462,889.647,-23.3401,46.6805,131.052,689.416,12.7258,0,54.1748,25.5987,25.0044,0.499959
1.038,0.53723,-0.576964,889.647,-23.3395,46.6793,131.045,691.58,12.7701,0,54.1561,25.5993,25.0044,0.499957
1.039,0.536652,-0.579303,889.647,-23.3389,46.678,131.038,693.739,12.8144,0,54.1375,25.6,25.0044,0.499955
1.04,0.536072,-0.581635,889.647,-23.3382,46.6767,131.031,695.892,12.8586,0,54.1189,25.6006,25.0044,0.499953
1.041,0.535489,-0.583962,889.647,-23.3376,46.6754,131.024,698.04,12.9027,0,54.1004,25.6013,25.0044,0.499951
1.042,0.534904,-0.586283,889.647,-23.3369,46.6741,131.017,700.181,12.9467,0,54.0819,25.6019,25.0044,0.499948
1.043,0.534317,-0.588599,889.647,-23.3362,46.6727,131.01,702.318,12.9906,0,54.0634,25.6025,25.0044,0.499946
1.044,0.533727,-0.590908,889.647,-23.3356,46.6714,131.003,704.448,13.0345,0,54.045,25.6032,25.0044,0.499944
1.045,0.533135,-0.593212,889.648,-23.3349,46.6701,130.996,706.573,13.0782,0,54.0266,25.6038,25.0045,0.499942
1.046,0.532541,-0.59551,889.648,-23.3343,46.6688,130.989,708.692,13.1219,0,54.0082,25.6045,25.0045,0.49994
1.047,0.531944,-0.597802,889.648,-23.3336,46.6674,130.982,710.806,13.1655,0,53.9899,25.6051,25.0045,0.499938
1.048,0.531345,-0.600088,889.648,-23.3329,46.6661,130.974,712.913,13.2091,0,53.9716,25.6058,25.0045,0.499936
1.049,0.530744,-0.602368,889.648,-23.3322,46.6647,130.967,715.015,13.2525,0,53.9533,25.6064,25.0045,0.499933
1.05,0.530141,-0.604642,889.648,-23.3315,46.6633,130.96,717.112,13.2958,0,53.9351,25.6071,25.0045,0.499931
1.051,0.529535,-0.606911,889.648,-23.3309,46.662,130.952,719.202,13.3391,0,53.9169,25.6077,25.0045,0.499929
1.052,0.528927,-0.609173,889.648,-23.3302,46.6606,130.945,721.287,13.3822,0,53.8988,25.6084,25.0045,0.499927
1.053,0.528317,-0.611429,889.648,-23.3295,46.6592,130.938,723.365,13.4253,0,53.8806,25.609,25.0045,0.499925
1.054,0.527704,-0.613679,889.648,-23.3288,46.6578,130.93,725.438,13.4683,0,53.8626,25.6096,25.0045,0.499923
1.055,0.527089,-0.615924,889.648,-23.3281,46.6565,130.923,727.505,13.5112,0,53.8445,25.6103,25.0045,0.49992
1.056,0.526472,-0.618162,889.648,-23.3274,46.6551,130.915,729.566,13.554,0,53.8265,25.6109,25.0045,0.499918
1.057,0.525853,-0.620394,889.648,-23.3267,46.6537,130.908,731.621,13.5967,0,53.8086,25.6116,25.0045,0.499916
1.058,0.525232,-0.62262,889.648,-23.326,46.6522,130.9,733.67,13.6394,0,53.7906,25.6122,25.0045,0.499914
1.059,0.524608,-0.624839,889.648,-23.3253,46.6508,130.893,735.714,13.6819,0,53.7727,25.6129,25.0045,0.499911
1.06,0.523982,-0.627053,889.648,-23.3246,46.6494,130.885,737.751,13.7243,0,53.7549,25.6135,25.0045,0.499909
1.061,0.523354,-0.62926,889.648,-23.3239,46.648,130.877,739.782,13.7667,0,53.7371,25.6142,25.0045,0.499907
1.062,0.522724,-0.631461,889.648,-23.3231,46.6466,130.869,741.807,13.8089,0,53.7193,25.6148,25.0045,0.499905
1.063,0.522091,-0.633656,889.648,-23.3224,46.6451,130.862,743.826,13.8511,0,53.7016,25.6154,25.0045,0.499902
1.064,0.521457,-0.635845,889.648,-23.3217,46.6437,130.854,745.84,13.8932,0,53.6839,25.6161,25.0045,0.4999
1.065,0.52082,-0.638027,889.648,-23.321,46.6422,130.846,747.847,13.9351,0,53.6663,25.6167,25.0045,0.499898
1.066,0.520181,-0.640203,889.648,-23.3203,46.6408,130.838,749.847,13.977,0,53.6487,25.6174,25.0046,0.499896
1.067,0.519539,-0.642373,889.648,-23.3195,46.6393,130.83,751.842,14.0188,0,53.6311,25.618,25.0046,0.499893
1.068,0.518896,-0.644537,889.648,-23.3188,46.6378,130.823,753.831,14.0604,0,53.6136,25.6187,25.0046,0.499891
1.069,0.51825,-0.646694,889.648,-23.318,46.6364,130.815,755.813,14.102,0,53.5961,25.6193,25.0046,0.499889
1.07,0.517603,-0.648844,889.648,-23.3173,46.6349,130.807,757.789,14.1435,0,53.5786,25.6199,25.0046,0.499886
1.071,0.516953,-0.650989,889.648,-23.3166,46.6334,130.799,759.759,14.1849,0,53.5612,25.6206,25.0046,0.499884
1.072,0.516301,-0.653127,889.648,-23.3158,46.6319,130.791,761.723,14.2261,0,53.5439,25.6212,25.0046,0.499882
1.073,0.515647,-0.655258,889.648,-23.3151,46.6304,130.782,763.681,14.2673,0,53.5266,25.6219,25.0046,0.499879
1.074,0.51499,-0.657383,889.648,-23.3143,46.6289,130.774,765.632,14.3084,0,53.5093,25.6225,25.0046,0.499877
1.075,0.514332,-0.659501,889.648,-23.3136,46.6274,130.766,767.577,14.3494,0,53.4921,25.6232,25.0046,0.499875
1.076,0.513672,-0.661613,889.648,-23.3128,46.6259,130.758,769.516,14.3902,0,53.4749,25.6238,25.0046,0.499872
1.077,0.513009,-0.663719,889.648,-23.312,46.6243,130.75,771.448,14.431,0,53.4577,25.6245,25.0046,0.49987
1.078,0.512344,-0.665818,889.648,-23.3113,46.6228,130.742,773.374,14.4716,0,53.4406,25.6251,25.0046,0.499868
1.079,0.511677,-0.66791,889.648,-23.3105,46.6213,130.733,775.294,14.5122,0,53.4236,25.6257,25.0046,0.499865
1.08,0.511008,-0.669996,889.648,-23.3097,46.6197,130.725,777.207,14.5526,0,53.4066,25.6264,25.0046,0.499863
1.081,0.510338,-0.672075,889.648,-23.309,46.6182,130.717,779.114,14.593,0,53.3896,25.627,25.0046,0.499861
1.082,0.509664,-0.674147,889.648,-23.3082,46.6166,130.708,781.014,14.6332,0,53.3727,25.6277,25.0046,0.499858
1.083,0.508989,-0.676213,889.648,-23.3074,46.6151,130.7,782.908,14.6733,0,53.3558,25.6283,25.0046,0.499856
1.084,0.508312,-0.678272,889.648,-23.3066,46.6135,130.692,784.796,14.7134,0,53.339,25.629,25.0046,0.499853
1.085,0.507633,-0.680325,889.648,-23.3059,46.612,130.683,786.677,14.7533,0,53.3222,25.6296,25.0046,0.499851
1.086,0.506952,-0.68237,889.648,-23.3051,46.6104,130.675,788.551,14.7931,0,53.3055,25.6302,25.0047,0.499849
1.087,0.506268,-0.684409,889.648,-23.3043,46.6088,130.666,790.419,14.8328,0,53.2888,25.6309,25.0047,0.499846
1.088,0.505583,-0.686442,889.648,-23.3035,46.6072,130.657,792.281,14.8723,0,53.2721,25.6315,25.0047,0.499844
1.089,0.504895,-0.688467,889.648,-23.3027,46.6056,130.649,794.136,14.9118,0,53.2555,25.6322,25.0047,0.499841
1.09,0.504206,-0.690486,889.648,-23.3019,46.604,130.64,795.984,14.9512,0,53.239,25.6328,25.0047,0.499839
1.091,0.503515,-0.692497,889.648,-23.3011,46.6024,130.632,797.826,14.9904,0,53.2225,25.6335,25.0047,0.499836
1.092,0.502821,-0.694503,889.648,-23.3003,46.6008,130.623,799.661,15.0295,0,53.206,25.6341,25.0047,0.499834
1.093,0.502126,-0.696501,889.648,-23.2995,46.5992,130.614,801.49,15.0685,0,53.1896,25.6347,25.0047,0.499832
1.094,0.501428,-0.698492,889.648,-23.2987,46.5976,130.605,803.312,15.1074,0,53.1732,25.6354,25.0047,0.499829
1.095,0.500729,-0.700476,889.648,-23.2979,46.596,130.597,805.127,15.1462,0,53.1569,25.636,25.0047,0.499827
1.096,0.500027,-0.702454,889.648,-23.297,46.5943,130.588,806.936,15.1849,0,53.1407,25.6367,25.0047,0.499824
1.097,0.499324,-0.704424,889.648,-23.2962,46.5927,130.579,808.737,15.2235,0,53.1244,25.6373,25.0047,0.499822
1.098,0.498619,-0.706388,889.648,-23.2954,46.5911,130.57,810.533,15.2619,0,53.1083,25.638,25.0047,0.499819
1.099,0.497911,-0.708345,889.648,-23.2946,46.5894,130.561,812.321,15.3002,0,53.0922,25.6386,25.0047,0.499817
1.1,0.497202,-0.710294,889.648,-23.2938,46.5878,130.552,814.103,15.3384,0,53.0761,25.6392,25.0047,0.499814
1.101,0.496491,-0.712237,889.648,-23.2929,46.5861,130.543,815.878,15.3765,0,53.0601,25.6399,25.0047,0.499812
1.102,0.495778,-0.714172,889.648,-23.2921,46.5845,130.534,817.646,15.4145,0,53.0441,25.6405,25.0047,0.499809
1.103,0.495063,-0.716101,889.648,-23.2913,46.5828,130.525,819.407,15.4523,0,53.0282,25.6412,25.0047,0.499807
1.104,0.494346,-0.718022,889.648,-23.2904,46.5811,130.516,821.162,15.49,0,53.0123,25.6418,25.0047,0.499804
1.105,0.493627,-0.719937,889.648,-23.2896,46.5794,130.507,822.909,15.5276,0,52.9965,25.6424,25.0048,0.499802
1.106,0.492906,-0.721844,889.648,-23.2887,46.5778,130.498,824.65,15.5651,0,52.9807,25.6431,25.0048,0.499799
1.107,0.492183,-0.723744,889.648,-23.2879,46.5761,130.489,826.384,15.6025,0,52.965,25.6437,25.0048,0.499796
1.108,0.491458,-0.725637,889.648,-23.2871,46.5744,130.48,828.111,15.6397,0,52.9494,25.6444,25.0048,0.499794
1.109,0.490732,-0.727523,889.648,-23.2862,46.5727,130.471,829.832,15.6768,0,52.9337,25.645,25.0048,0.499791
1.11,0.490003,-0.729402,889.648,-23.2854,46.571,130.462,831.545,15.7138,0,52.9182,25.6457,25.0048,0.499789
1.111,0.489273,-0.731273,889.649,-23.2845,46.5693,130.452,833.251,15.7506,0,52.9027,25.6463,25.0048,0.499786
1.112,0.488541,-0.733138,889.649,-23.2836,46.5675,130.443,834.95,15.7874,0,52.8872,25.6469,25.0048,0.499784
1.113,0.487807,-0.734995,889.649,-23.2828,46.5658,130.434,836.643,15.824,0,52.8718,25.6476,25.0048,0.499781
1.114,0.487071,-0.736844,889.649,-23.2819,46.5641,130.424,838.328,15.8605,0,52.8565,25.6482,25.0048,0.499778
1.115,0.486333,-0.738687,889.649,-23.2811,46.5624,130.415,840.007,15.8968,0,52.8412,25.6489,25.0048,0.499776
1.116,0.485594,-0.740522,889.649,-23.2802,46.5606,130.406,841.678,15.933,0,52.8259,25.6495,25.0048,0.499773
1.117,0.484852,-0.74235,889.649,-23.2793,46.5589,130.396,843.342,15.9691,0,52.8108,25.6501,25.0048,0.499771
1.118,0.484109,-0.744171,889.649,-23.2784,46.5572,130.387,845,16.0051,0,52.7956,25.6508,25.0048,0.499768
1.119,0.483364,-0.745984,889.649,-23.2776,46.5554,130.377,846.65,16.0409,0,52.7806,25.6514,25.0048,0.499765
1.12,0.482617,-0.74779,889.649,-23.2767,46.5536,130.368,848.293,16.0767,0,52.7655,25.6521,25.0048,0.499763
1.121,0.481869,-0.749588,889.649,-23.2758,46.5519,130.358,849.929,16.1122,0,52.7506,25.6527,25.0048,0.49976
1.122,0.481118,-0.751379,889.649,-23.2749,46.5501,130.349,851.558,16.1477,0,52.7356,25.6534,25.0048,0.499758
1.123,0.480366,-0.753163,889.649,-23.274,46.5483,130.339,853.18,16.183,0,52.7208,25.654,25.0049,0.499755
1.124,0.479612,-0.754939,889.649,-23.2731,46.5466,130.329,854.794,16.2182,0,52.706,25.6546,25.0049,0.499752
1.125,0.478856,-0.756708,889.649,-23.2723,46.5448,130.32,856.402,16.2532,0,52.6912,25.6553,25.0049,0.49975
1.126,0.478099,-0.758469,889.649,-23.2714,46.543,130.31,858.002,16.2881,0,52.6766,25.6559,25.0049,0.499747
1.127,0.477339,-0.760223,889.649,-23.2705,46.5412,130.3,859.595,16.3229,0,52.6619,25.6566,25.0049,0.499744
1.128,0.476578,-0.761969,889.649,-23.2696,46.5394,130.291,861.181,16.3575,0,52.6474,25.6572,25.0049,0.499742
1.129,0.475816,-0.763708,889.649,-23.2687,46.5376,130.281,862.76,16.392,0,52.6328,25.6578,25.0049,0.499739
1.13,0.475051,-0.765439,889.649,-23.2678,46.5358,130.271,864.331,16.4264,0,52.6184,25.6585,25.0049,0.499736
1.131,0.474285,-0.767163,889.649,-23.2669,46.534,130.261,865.895,16.4606,0,52.604,25.6591,25.0049,0.499734
1.132,0.473517,-0.768879,889.649,-23.266,46.5322,130.251,867.452,16.4947,0,52.5896,25.6598,25.0049,0.499731
1.133,0.472747,-0.770588,889.649,-23.265,46.5304,130.242,869.002,16.5287,0,52.5753,25.6604,25.0049,0.499728
1.134,0.471976,-0.772289,889.649,-23.2641,46.5285,130.232,870.544,16.5625,0,52.5611,25.661,25.0049,0.499725
1.135,0.471203,-0.773982,889.649,-23.2632,46.5267,130.222,872.079,16.5962,0,52.5469,25.6617,25.0049,0.499723
1.136,0.470428,-0.775668,889.649,-23.2623,46.5249,130.212,873.607,16.6297,0,52.5328,25.6623,25.0049,0.49972
1.137,0.469651,-0.777346,889.649,-23.2614,46.523,130.202,875.127,16.6631,0,52.5188,25.663,25.0049,0.499717
1.138,0.468873,-0.779016,889.649,-23.2605,46.5212,130.192,876.64,16.6964,0,52.5048,25.6636,25.0049,0.499715
1.139,0.468093,-0.780679,889.649,-23.2595,46.5193,130.182,878.146,16.7295,0,52.4908,25.6642,25.0049,0.499712
1.14,0.467312,-0.782334,889.649,-23.2586,46.5175,130.172,879.644,16.7625,0,52.477,25.6649,25.005,0.499709
1.141,0.466529,-0.783981,889.649,-23.2577,46.5156,130.162,881.135,16.7953,0,52.4632,25.6655,25.005,0.499706
1.142,0.465744,-0.785621,889.649,-23.2567,46.5138,130.152,882.618,16.828,0,52.4494,25.6662,25.005,0.499704
1.143,0.464958,-0.787252,889.649,-23.2558,46.5119,130.141,884.094,16.8605,0,52.4357,25.6668,25.005,0.499701
1.144,0.46417,-0.788876,889.649,-23.2549,46.51,130.131,885.563,16.8929,0,52.4221,25.6674,25.005,0.499698
1.145,0.46338,-0.790493,889.649,-23.2539,46.5081,130.121,887.024,16.9252,0,52.4085,25.6681,25.005,0.499695
1.146,0.462589,-0.792101,889.649,-23.253,46.5063,130.111,888.477,16.9573,0,52.395,25.6687,25.005,0.499693
1.147,0.461796,-0.793702,889.649,-23.252,46.5044,130.101,889.923,16.9893,0,52.3815,25.6694,25.005,0.49969
1.148,0.461001,-0.795294,889.649,-23.2511,46.5025,130.09,891.362,17.0211,0,52.3681,25.67,25.005,0.499687
1.149,0.460205,-0.796879,889.649,-23.2501,46.5006,130.08,892.793,17.0527,0,52.3548,25.6706,25.005,0.499684
1.15,0.459408,-0.798456,889.649,-23.2492,46.4987,130.07,894.216,17.0843,0,52.3416,25.6713,25.005,0.499681
1.151,0.458609,-0.800025,889.649,-23.2482,46.4968,130.06,895.632,17.1156,0,52.3284,25.6719,25.005,0.499679
1.152,0.457808,-0.801587,889.649,-23.2473,46.4949,130.049,897.041,17.1468,0,52.3152,25.6726,25.005,0.499676
1.153,0.457005,-0.80314,889.649,-23.2463,46.4929,130.039,898.442,17.1779,0,52.3021,25.6732,25.005,0.499673
1.154,0.456202,-0.804685,889.649,-23.2454,46.491,130.028,899.835,17.2088,0,52.2891,25.6738,25.005,0.49967
1.155,0.455396,-0.806223,889.649,-23.2444,46.4891,130.018,901.221,17.2396,0,52.2762,25.6745,25.005,0.499667
1.156,0.454589,-0.807752,889.649,-23.2434,46.4872,130.007,902.599,17.2702,0,52.2633,25.6751,25.005,0.499665
1.157,0.453781,-0.809274,889.649,-23.2425,46.4852,129.997,903.969,17.3007,0,52.2505,25.6757,25.0051,0.499662
1.158,0.452971,-0.810787,889.649,-23.2415,46.4833,129.986,905.332,17.331,0,52.2377,25.6764,25.0051,0.499659
1.159,0.452159,-0.812293,889.649,-23.2405,46.4814,129.976,906.687,17.3612,0,52.225,25.677,25.0051,0.499656
1.16,0.451346,-0.813791,889.649,-23.2396,46.4794,129.965,908.034,17.3912,0,52.2124,25.6777,25.0051,0.499653
1.161,0.450532,-0.81528,889.649,-23.2386,46.4775,129.955,909.374,17.421,0,52.1998,25.6783,25.0051,0.49965
1.162,0.449716,-0.816762,889.649,-23.2376,46.4755,129.944,910.706,17.4507,0,52.1873,25.6789,25.0051,0.499648
1.163,0.448898,-0.818235,889.649,-23.2366,46.4736,129.934,912.031,17.4803,0,52.1749,25.6796,25.0051,0.499645
1.164,0.448079,-0.8197,889.649,-23.2357,46.4716,129.923,913.348,17.5097,0,52.1625,25.6802,25.0051,0.499642
1.165,0.447259,-0.821158,889.649,-23.2347,46.4696,129.912,914.657,17.5389,0,52.1502,25.6809,25.0051,0.499639
1.166,0.446437,-0.822607,889.649,-23.2337,46.4677,129.902,915.958,17.568,0,52.138,25.6815,25.0051,0.499636
1.167,0.445614,-0.824048,889.649,-23.2327,46.4657,129.891,917.251,17.5969,0,52.1258,25.6821,25.0051,0.499633
1.168,0.444789,-0.825481,889.649,-23.2317,46.4637,129.88,918.537,17.6256,0,52.1137,25.6828,25.0051,0.49963
1.169,0.443963,-0.826905,889.649,-23.2307,46.4617,129.869,919.815,17.6542,0,52.1016,25.6834,25.0051,0.499628
1.17,0.443135,-0.828322,889.649,-23.2297,46.4597,129.859,921.085,17.6827,0,52.0897,25.684,25.0051,0.499625
1.171,0.442306,-0.82973,889.649,-23.2287,46.4577,129.848,922.348,17.711,0,52.0778,25.6847,25.0051,0.499622
1.172,0.441476,-0.83113,889.649,-23.2277,46.4557,129.837,923.602,17.7391,0,52.0659,25.6853,25.0051,0.499619
1.173,0.440644,-0.832522,889.649,-23.2267,46.4537,129.826,924.849,17.7671,0,52.0542,25.686,25.0052,0.499616
1.174,0.439811,-0.833906,889.649,-23.2257,46.4517,129.815,926.088,17.7949,0,52.0424,25.6866,25.0052,0.499613
1.175,0.438976,-0.835282,889.649,-23.2247,46.4497,129.804,927.319,17.8225,0,52.0308,25.6872,25.0052,0.49961
1.176,0.438141,-0.836649,889.649,-23.2237,46.4477,129.793,928.542,17.85,0,52.0192,25.6879,25.0052,0.499607
1.177,0.437303,-0.838008,889.649,-23.2227,46.4457,129.782,929.758,17.8773,0,52.0077,25.6885,25.0052,0.499604
1.178,0.436465,-0.839359,889.649,-23.2217,46.4437,129.771,930.965,17.9044,0,51.9963,25.6891,25.0052,0.499601
1.179,0.435625,-0.840701,889.649,-23.2207,46.4417,129.76,932.165,17.9314,0,51.9849,25.6898,25.0052,0.499598
1.18,0.434783,-0.842036,889.649,-23.2197,46.4396,129.749,933.356,17.9583,0,51.9736,25.6904,25.0052,0.499596
1.181,0.433941,-0.843362,889.649,-23.2186,46.4376,129.738,934.54,17.9849,0,51.9624,25.6911,25.0052,0.499593
1.182,0.433097,-0.844679,889.649,-23.2176,46.4356,129.727,935.716,18.0114,0,51.9513,25.6917,25.0052,0.49959
1.183,0.432251,-0.845988,889.649,-23.2166,46.4335,129.716,936.884,18.0377,0,51.9402,25.6923,25.0052,0.499587
1.184,0.431405,-0.847289,889.649,-23.2156,46.4315,129.705,938.044,18.0639,0,51.9292,25.693,25.0052,0.499584
1.185,0.430557,-0.848582,889.649,-23.2146,46.4294,129.694,939.196,18.0899,0,51.9182,25.6936,25.0052,0.499581
1.186,0.429708,-0.849866,889.649,-23.2135,46.4274,129.683,940.34,18.1157,0,51.9073,25.6942,25.0052,0.499578
1.187,0.428857,-0.851142,889.649,-23.2125,46.4253,129.672,941.476,18.1414,0,51.8965,25.6949,25.0052,0.499575
1.188,0.428005,-0.852409,889.649,-23.2115,46.4233,129.661,942.604,18.1669,0,51.8858,25.6955,25.0052,0.499572
1.189,0.427152,-0.853668,889.649,-23.2104,46.4212,129.649,943.724,18.1922,0,51.8751,25.6962,25.0053,0.499569
1.19,0.426298,-0.854918,889.649,-23.2094,46.4191,129.638,944.836,18.2174,0,51.8645,25.6968,25.0053,0.499566
1.191,0.425443,-0.856161,889.649,-23.2084,46.417,129.627,945.94,18.2424,0,51.854,25.6974,25.0053,0.499563
1.192,0.424586,-0.857394,889.649,-23.2073,46.415,129.616,947.037,18.2672,0,51.8436,25.6981,25.0053,0.49956
1.193,0.423728,-0.858619,889.649,-23.2063,46.4129,129.604,948.125,18.2918,0,51.8332,25.6987,25.0053,0.499557
1.194,0.422869,-0.859836,889.649,-23.2053,46.4108,129.593,949.204,18.3163,0,51.8229,25.6993,25.0053,0.499554
1.195,0.422008,-0.861044,889.649,-23.2042,46.4087,129.582,950.276,18.3406,0,51.8126,25.7,25.0053,0.499551
1.196,0.421147,-0.862244,889.65,-23.2032,46.4066,129.57,951.34,18.3648,0,51.8025,25.7006,25.0053,0.499548
1.197,0.420284,-0.863435,889.65,-23.2021,46.4045,129.559,952.396,18.3887,0,51.7924,25.7012,25.0053,0.499545
1.198,0.41942,-0.864618,889.65,-23.2011,46.4024,129.548,953.444,18.4125,0,51.7823,25.7019,25.0053,0.499542
1.199,0.418555,-0.865792,889.65,-23.2,46.4003,129.536,954.483,18.4361,0,51.7724,25.7025,25.0053,0.499539
1.2,0.417688,-0.866958,889.65,-23.199,46.3982,129.525,955.515,18.4596,0,51.7625,25.7032,25.0053,0.499536
1.201,0.416821,-0.868115,889.65,-23.1979,46.3961,129.513,956.538,18.4829,0,51.7527,25.7038,25.0053,0.499533
1.202,0.415952,-0.869263,889.65,-23.1969,46.394,129.502,957.553,18.506,0,51.743,25.7044,25.0053,0.49953
1.203,0.415082,-0.870403,889.65,-23.1958,46.3919,129.49,958.56,18.5289,0,51.7333,25.7051,25.0053,0.499527
1.204,0.414211,-0.871534,889.65,-23.1947,46.3898,129.479,959.559,18.5516,0,51.7237,25.7057,25.0054,0.499524
1.205,0.413339,-0.872657,889.65,-23.1937,46.3877,129.467,960.55,18.5742,0,51.7142,25.7063,25.0054,0.499521
1.206,0.412466,-0.873771,889.65,-23.1926,46.3855,129.456,961.533,18.5966,0,51.7048,25.707,25.0054,0.499518
1.207,0.411592,-0.874877,889.65,-23.1916,46.3834,129.444,962.507,18.6188,0,51.6954,25.7076,25.0054,0.499515
1.208,0.410716,-0.875973,889.65,-23.1905,46.3813,129.433,963.474,18.6408,0,51.6862,25.7082,25.0054,0.499512
1.209,0.40984,-0.877062,889.65,-23.1894,46.3791,129.421,964.432,18.6627,0,51.6769,25.7089,25.0054,0.499509
1.21,0.408962,-0.878141,889.65,-23.1884,46.377,129.409,965.382,18.6844,0,51.6678,25.7095,25.0054,0.499506
1.211,0.408084,-0.879212,889.65,-23.1873,46.3749,129.398,966.323,18.7059,0,51.6587,25.7101,25.0054,0.499503
1.212,0.407204,-0.880274,889.65,-23.1862,46.3727,129.386,967.257,18.7272,0,51.6498,25.7108,25.0054,0.4995
1.213,0.406323,-0.881328,889.65,-23.1851,46.3706,129.374,968.182,18.7484,0,51.6408,25.7114,25.0054,0.499496
1.214,0.405441,-0.882372,889.65,-23.1841,46.3684,129.363,969.099,18.7694,0,51.632,25.7121,25.0054,0.499493
1.215,0.404559,-0.883409,889.65,-23.183,46.3663,129.351,970.008,18.7901,0,51.6232,25.7127,25.0054,0.49949
1.216,0.403675,-0.884436,889.65,-23.1819,46.3641,129.339,970.909,18.8108,0,51.6146,25.7133,25.0054,0.499487
1.217,0.40279,-0.885455,889.65,-23.1808,46.3619,129.328,971.801,18.8312,0,51.606,25.714,25.0054,0.499484
1.218,0.401904,-0.886464,889.65,-23.1797,46.3598,129.316,972.685,18.8514,0,51.5974,25.7146,25.0054,0.499481
1.219,0.401017,-0.887466,889.65,-23.1787,46.3576,129.304,973.561,18.8715,0,51.589,25.7152,25.0055,0.499478
1.22,0.400129,-0.888458,889.65,-23.1776,46.3554,129.292,974.429,18.8914,0,51.5806,25.7159,25.0055,0.499475
1.221,0.39924,-0.889442,889.65,-23.1765,46.3533,129.281,975.288,18.9111,0,51.5723,25.7165,25.0055,0.499472
1.222,0.39835,-0.890416,889.65,-23.1754,46.3511,129.269,976.139,18.9306,0,51.564,25.7171,25.0055,0.499469
1.223,0.397459,-0.891383,889.65,-23.1743,46.3489,129.257,976.981,18.9499,0,51.5559,25.7178,25.0055,0.499466
1.224,0.396567,-0.89234,889.65,-23.1732,46.3467,129.245,977.816,18.9691,0,51.5478,25.7184,25.0055,0.499463
1.225,0.395675,-0.893288,889.65,-23.1721,46.3445,129.233,978.642,18.9881,0,51.5398,25.719,25.0055,0.499459
1.226,0.394781,-0.894228,889.65,-23.171,46.3423,129.221,979.46,19.0069,0,51.5319,25.7197,25.0055,0.499456
1.227,0.393886,-0.895159,889.65,-23.1699,46.3402,129.209,980.269,19.0255,0,51.5241,25.7203,25.0055,0.499453
1.228,0.392991,-0.896081,889.65,-23.1688,46.338,129.197,981.07,19.0439,0,51.5163,25.7209,25.0055,0.49945
1.229,0.392094,-0.896994,889.65,-23.1677,46.3358,129.185,981.863,19.0621,0,51.5086,25.7216,25.0055,0.499447
1.23,0.391197,-0.897898,889.65,-23.1666,46.3336,129.173,982.647,19.0802,0,51.501,25.7222,25.0055,0.499444
1.231,0.390298,-0.898794,889.65,-23.1655,46.3314,129.162,983.423,19.098,0,51.4935,25.7228,25.0055,0.499441
1.232,0.389399,-0.89968,889.65,-23.1644,46.3291,129.15,984.191,19.1157,0,51.486,25.7235,25.0055,0.499438
1.233,0.388499,-0.900558,889.65,-23.1633,46.3269,129.138,984.95,19.1332,0,51.4786,25.7241,25.0055,0.499435
1.234,0.387598,-0.901427,889.65,-23.1622,46.3247,129.126,985.701,19.1505,0,51.4713,25.7247,25.0056,0.499431
1.235,0.386696,-0.902286,889.65,-23.1611,46.3225,129.113,986.444,19.1676,0,51.4641,25.7254,25.0056,0.499428
1.236,0.385793,-0.903137,889.65,-23.16,46.3203,129.101,987.178,19.1845,0,51.457,25.726,25.0056,0.499425
1.237,0.38489,-0.903979,889.65,-23.1589,46.3181,129.089,987.903,19.2013,0,51.4499,25.7266,25.0056,0.499422
1.238,0.383986,-0.904813,889.65,-23.1578,46.3158,129.077,988.621,19.2178,0,51.4429,25.7273,25.0056,0.499419
1.239,0.38308,-0.905637,889.65,-23.1567,46.3136,129.065,989.33,19.2342,0,51.436,25.7279,25.0056,0.499416
1.24,0.382174,-0.906452,889.65,-23.1555,46.3114,129.053,990.03,19.2503,0,51.4292,25.7285,25.0056,0.499413
1.241,0.381268,-0.907258,889.65,-23.1544,46.3091,129.041,990.722,19.2663,0,51.4225,25.7292,25.0056,0.499409
1.242,0.38036,-0.908056,889.65,-23.1533,46.3069,129.029,991.406,19.2821,0,51.4158,25.7298,25.0056,0.499406
1.243,0.379451,-0.908844,889.65,-23.1522,46.3047,129.017,992.081,19.2977,0,51.4092,25.7304,25.0056,0.499403
1.244,0.378542,-0.909624,889.65,-23.1511,46.3024,129.005,992.748,19.3131,0,51.4027,25.7311,25.0056,0.4994
1.245,0.377632,-0.910394,889.65,-23.1499,46.3002,128.992,993.407,19.3284,0,51.3963,25.7317,25.0056,0.499397
1.246,0.376721,-0.911156,889.65,-23.1488,46.2979,128.98,994.057,19.3434,0,51.3899,25.7323,25.0056,0.499394
1.247,0.37581,-0.911908,889.65,-23.1477,46.2957,128.968,994.698,19.3582,0,51.3837,25.733,25.0056,0.499391
1.248,0.374898,-0.912652,889.65,-23.1466,46.2934,128.956,995.331,19.3729,0,51.3775,25.7336,25.0056,0.499387
1.249,0.373985,-0.913386,889.65,-23.1454,46.2912,128.943,995.956,19.3874,0,51.3714,25.7342,25.0057,0.499384
1.25,0.373071,-0.914112,889.65,-23.1443,46.2889,128.931,996.572,19.4016,0,51.3654,25.7349,25.0057,0.499381
1.251,0.372157,-0.914828,889.65,-23.1432,46.2867,128.919,997.18,19.4157,0,51.3594,25.7355,25.0057,0.499378
1.252,0.371241,-0.915535,889.65,-23.1421,46.2844,128.907,997.779,19.4296,0,51.3536,25.7361,25.0057,0.499375
1.253,0.370325,-0.916234,889.65,-23.1409,46.2822,128.894,998.369,19.4433,0,51.3478,25.7368,25.0057,0.499371
1.254,0.369409,-0.916923,889.65,-23.1398,46.2799,128.882,998.952,19.4568,0,51.3421,25.7374,25.0057,0.499368
1.255,0.368492,-0.917603,889.65,-23.1387,46.2776,128.87,999.525,19.4701,0,51.3365,25.738,25.0057,0.499365
1.256,0.367574,-0.918275,889.65,-23.1375,46.2754,128.857,1000.09,19.4832,0,51.3309,25.7387,25.0057,0.499362
1.257,0.366655,-0.918937,889.65,-23.1364,46.2731,128.845,1000.65,19.4961,0,51.3255,25.7393,25.0057,0.499359
1.258,0.365736,-0.91959,889.65,-23.1352,46.2708,128.833,1001.2,19.5088,0,51.3201,25.7399,25.0057,0.499356
1.259,0.364816,-0.920234,889.65,-23.1341,46.2685,128.82,1001.74,19.5214,0,51.3148,25.7406,25.0057,0.499352
1.26,0.363895,-0.920869,889.65,-23.133,46.2662,128.808,1002.27,19.5337,0,51.3096,25.7412,25.0057,0.499349
1.261,0.362974,-0.921495,889.65,-23.1318,46.264,128.796,1002.79,19.5458,0,51.3045,25.7418,25.0057,0.499346
1.262,0.362053,-0.922111,889.65,-23.1307,46.2617,128.783,1003.3,19.5578,0,51.2994,25.7425,25.0057,0.499343
1.263,0.36113,-0.922719,889.65,-23.1295,46.2594,128.771,1003.81,19.5695,0,51.2945,25.7431,25.0058,0.49934
1.264,0.360207,-0.923318,889.65,-23.1284,46.2571,128.758,1004.31,19.5811,0,51.2896,25.7437,25.0058,0.499336
1.265,0.359284,-0.923907,889.65,-23.1272,46.2548,128.746,1004.79,19.5925,0,51.2848,25.7443,25.0058,0.499333
1.266,0.358359,-0.924487,889.65,-23.1261,46.2525,128.734,1005.27,19.6036,0,51.28,25.745,25.0058,0.49933
1.267,0.357435,-0.925059,889.65,-23.125,46.2502,128.721,1005.75,19.6146,0,51.2754,25.7456,25.0058,0.499327
1.268,0.356509,-0.925621,889.65,-23.1238,46.2479,128.709,1006.21,19.6254,0,51.2709,25.7462,25.0058,0.499324
1.269,0.355583,-0.926174,889.65,-23.1227,46.2456,128.696,1006.66,19.6359,0,51.2664,25.7469,25.0058,0.49932
1.27,0.354657,-0.926717,889.65,-23.1215,46.2433,128.684,1007.11,19.6463,0,51.262,25.7475,25.0058,0.499317
1.271,0.35373,-0.927252,889.65,-23.1204,46.241,128.671,1007.55,19.6565,0,51.2577,25.7481,25.0058,0.499314
1.272,0.352802,-0.927778,889.65,-23.1192,46.2387,128.659,1007.98,19.6665,0,51.2535,25.7488,25.0058,0.499311
1.273,0.351874,-0.928294,889.65,-23.118,46.2364,128.646,1008.4,19.6763,0,51.2493,25.7494,25.0058,0.499308
1.274,0.350946,-0.928801,889.65,-23.1169,46.2341,128.634,1008.81,19.6859,0,51.2453,25.75,25.0058,0.499304
1.275,0.350017,-0.929299,889.65,-23.1157,46.2318,128.621,1009.21,19.6953,0,51.2413,25.7507,25.0058,0.499301
1.276,0.349087,-0.929788,889.65,-23.1146,46.2295,128.609,1009.61,19.7045,0,51.2374,25.7513,25.0058,0.499298
1.277,0.348157,-0.930268,889.65,-23.1134,46.2272,128.596,1009.99,19.7135,0,51.2336,25.7519,25.0059,0.499295
1.278,0.347227,-0.930738,889.65,-23.1123,46.2249,128.583,1010.37,19.7223,0,51.2298,25.7526,25.0059,0.499291
1.279,0.346296,-0.931199,889.65,-23.1111,46.2225,128.571,1010.74,19.7309,0,51.2262,25.7532,25.0059,0.499288
1.28,0.345364,-0.931651,889.65,-23.1099,46.2202,128.558,1011.1,19.7393,0,51.2226,25.7538,25.0059,0.499285
1.281,0.344433,-0.932094,889.65,-23.1088,46.2179,128.546,1011.45,19.7475,0,51.2192,25.7544,25.0059,0.499282
1.282,0.3435,-0.932528,889.65,-23.1076,46.2156,128.533,1011.79,19.7555,0,51.2158,25.7551,25.0059,0.499279
1.283,0.342568,-0.932952,889.65,-23.1065,46.2132,128.52,1012.13,19.7633,0,51.2125,25.7557,25.0059,0.499275
1.284,0.341634,-0.933368,889.65,-23.1053,46.2109,128.508,1012.45,19.7709,0,51.2092,25.7563,25.0059,0.499272
1.285,0.340701,-0.933774,889.65,-23.1041,46.2086,128.495,1012.77,19.7783,0,51.2061,25.757,25.0059,0.499269
1.286,0.339767,-0.934171,889.65,-23.103,46.2063,128.483,1013.08,19.7855,0,51.203,25.7576,25.0059,0.499266
1.287,0.338833,-0.934558,889.65,-23.1018,46.2039,128.47,1013.38,19.7926,0,51.2,25.7582,25.0059,0.499262
1.288,0.337898,-0.934937,889.65,-23.1006,46.2016,128.457,1013.67,19.7994,0,51.1972,25.7589,25.0059,0.499259
1.289,0.336963,-0.935306,889.65,-23.0995,46.1993,128.445,1013.95,19.806,0,51.1943,25.7595,25.0059,0.499256
1.29,0.336027,-0.935666,889.65,-23.0983,46.1969,128.432,1014.23,19.8124,0,51.1916,25.7601,25.0059,0.499253
1.291,0.335091,-0.936017,889.65,-23.0971,46.1946,128.419,1014.49,19.8186,0,51.189,25.7607,25.006,0.499249
1.292,0.334155,-0.936358,889.65,-23.096,46.1922,128.406,1014.75,19.8246,0,51.1864,25.7614,25.006,0.499246
1.293,0.333219,-0.93669,889.65,-23.0948,46.1899,128.394,1015,19.8304,0,51.1839,25.762,25.006,0.499243
1.294,0.332282,-0.937013,889.65,-23.0936,46.1876,128.381,1015.24,19.8361,0,51.1816,25.7626,25.006,0.49924
1.295,0.331345,-0.937327,889.65,-23.0924,46.1852,128.368,1015.47,19.8415,0,51.1793,25.7633,25.006,0.499236
1.296,0.330407,-0.937632,889.65,-23.0913,46.1829,128.356,1015.69,19.8467,0,51.177,25.7639,25.006,0.499233
1.297,0.329469,-0.937927,889.65,-23.0901,46.1805,128.343,1015.91,19.8517,0,51.1749,25.7645,25.006,0.49923
1.298,0.328531,-0.938213,889.65,-23.0889,46.1782,128.33,1016.11,19.8565,0,51.1728,25.7651,25.006,0.499227
1.299,0.327593,-0.93849,889.65,-23.0877,46.1758,128.317,1016.31,19.8611,0,51.1709,25.7658,25.006,0.499224
1.3,0.326654,-0.938757,889.65,-23.0866,46.1735,128.305,1016.5,19.8655,0,51.169,25.7664,25.006,0.49922
1.301,0.325716,-0.939015,889.65,-23.0854,46.1711,128.292,1016.68,19.8698,0,51.1672,25.767,25.006,0.499217
1.302,0.324776,-0.939264,889.65,-23.0842,46.1688,128.279,1016.85,19.8738,0,51.1655,25.7677,25.006,0.499214
1.303,0.323837,-0.939504,889.65,-23.083,46.1664,128.266,1017.01,19.8776,0,51.1638,25.7683,25.006,0.499211
1.304,0.322897,-0.939734,889.65,-23.0819,46.164,128.254,1017.17,19.8812,0,51.1623,25.7689,25.006,0.499207
1.305,0.321958,-0.939955,889.65,-23.0807,46.1617,128.241,1017.31,19.8846,0,51.1608,25.7695,25.0061,0.499204
1.306,0.321017,-0.940167,889.65,-23.0795,46.1593,128.228,1017.45,19.8878,0,51.1594,25.7702,25.0061,0.499201
1.307,0.320077,-0.94037,889.65,-23.0783,46.157,128.215,1017.58,19.8908,0,51.1582,25.7708,25.0061,0.499198
1.308,0.319137,-0.940563,889.65,-23.0771,46.1546,128.202,1017.7,19.8936,0,51.1569,25.7714,25.0061,0.499194
1.309,0.318196,-0.940747,889.65,-23.076,46.1522,128.19,1017.81,19.8962,0,51.1558,25.7721,25.0061,0.499191
1.31,0.317255,-0.940922,889.65,-23.0748,46.1499,128.177,1017.91,19.8986,0,51.1548,25.7727,25.0061,0.499188
1.311,0.316314,-0.941087,889.65,-23.0736,46.1475,128.164,1018,19.9008,0,51.1538,25.7733,25.0061,0.499185
1.312,0.315373,-0.941243,889.65,-23.0724,46.1451,128.151,1018.09,19.9028,0,51.1529,25.7739,25.0061,0.499181
1.313,0.314432,-0.94139,889.65,-23.0712,46.1428,128.138,1018.17,19.9046,0,51.1522,25.7746,25.0061,0.499178
1.314,0.31349,-0.941528,889.65,-23.07,46.1404,128.125,1018.23,19.9062,0,51.1515,25.7752,25.0061,0.499175
1.315,0.312549,-0.941656,889.65,-23.0689,46.138,128.113,1018.29,19.9076,0,51.1508,25.7758,25.0061,0.499172
1.316,0.311607,-0.941775,889.65,-23.0677,46.1357,128.1,1018.34,19.9088,0,51.1503,25.7765,25.0061,0.499168
1.317,0.310665,-0.941885,889.65,-23.0665,46.1333,128.087,1018.39,19.9098,0,51.1499,25.7771,25.0061,0.499165
1.318,0.309723,-0.941985,889.65,-23.0653,46.1309,128.074,1018.42,19.9106,0,51.1495,25.7777,25.0061,0.499162
1.319,0.308781,-0.942076,889.65,-23.0641,46.1286,128.061,1018.44,19.9112,0,51.1492,25.7783,25.0062,0.499159
1.32,0.307839,-0.942158,889.65,-23.0629,46.1262,128.048,1018.46,19.9116,0,51.149,25.779,25.0062,0.499155
1.321,0.306897,-0.94223,889.65,-23.0617,46.1238,128.035,1018.47,19.9118,0,51.1489,25.7796,25.0062,0.499152
1.322,0.305955,-0.942294,889.65,-23.0605,46.1214,128.023,1018.47,19.9118,0,51.1489,25.7802,25.0062,0.499149
1.323,0.305012,-0.942347,889.65,-23.0594,46.1191,128.01,1018.46,19.9116,0,51.1489,25.7808,25.0062,0.499146
1.324,0.30407,-0.942392,889.65,-23.0582,46.1167,127.997,1018.44,19.9112,0,51.1491,25.7815,25.0062,0.499142
1.325,0.303128,-0.942427,889.65,-23.057,46.1143,127.984,1018.41,19.9106,0,51.1493,25.7821,25.0062,0.499139
1.326,0.302185,-0.942453,889.65,-23.0558,46.1119,127.971,1018.38,19.9098,0,51.1496,25.7827,25.0062,0.499136
1.327,0.301243,-0.94247,889.65,-23.0546,46.1095,127.958,1018.33,19.9088,0,51.15,25.7834,25.0062,0.499132
1.328,0.3003,-0.942477,889.65,-23.0534,46.1072,127.945,1018.28,19.9076,0,51.1505,25.784,25.0062,0.499129
1.329,0.299358,-0.942475,889.65,-23.0522,46.1048,127.932,1018.22,19.9061,0,51.151,25.7846,25.0062,0.499126
1.33,0.298415,-0.942464,889.65,-23.051,46.1024,127.919,1018.15,19.9045,0,51.1517,25.7852,25.0062,0.499123
1.331,0.297473,-0.942444,889.65,-23.0498,46.1,127.907,1018.07,19.9027,0,51.1524,25.7859,25.0062,0.499119
1.332,0.29653,-0.942414,889.65,-23.0486,46.0976,127.894,1017.99,19.9007,0,51.1532,25.7865,25.0062,0.499116
1.333,0.295588,-0.942375,889.65,-23.0475,46.0953,127.881,1017.89,19.8985,0,51.1541,25.7871,25.0063,0.499113
1.334,0.294646,-0.942326,889.65,-23.0463,46.0929,127.868,1017.79,19.8961,0,51.1551,25.7877,25.0063,0.49911
1.335,0.293703,-0.942269,889.65,-23.0451,46.0905,127.855,1017.67,19.8935,0,51.1562,25.7884,25.0063,0.499106
1.336,0.292761,-0.942202,889.65,-23.0439,46.0881,127.842,1017.55,19.8906,0,51.1573,25.789,25.0063,0.499103
1.337,0.291819,-0.942125,889.65,-23.0427,46.0857,127.829,1017.42,19.8876,0,51.1586,25.7896,25.0063,0.4991
1.338,0.290877,-0.94204,889.65,-23.0415,46.0833,127.816,1017.28,19.8844,0,51.1599,25.7902,25.0063,0.499097
1.339,0.289935,-0.941945,889.65,-23.0403,46.0809,127.803,1017.14,19.881,0,51.1613,25.7909,25.0063,0.499093
1.34,0.288993,-0.94184,889.65,-23.0391,46.0786,127.79,1016.98,19.8774,0,51.1628,25.7915,25.0063,0.49909
1.341,0.288051,-0.941727,889.65,-23.0379,46.0762,127.777,1016.82,19.8736,0,51.1643,25.7921,25.0063,0.499087
1.342,0.287109,-0.941604,889.65,-23.0367,46.0738,127.764,1016.65,19.8696,0,51.166,25.7928,25.0063,0.499084
1.343,0.286168,-0.941472,889.65,-23.0355,46.0714,127.751,1016.46,19.8653,0,51.1677,25.7934,25.0063,0.49908
1.344,0.285227,-0.941331,889.65,-23.0343,46.069,127.739,1016.28,19.8609,0,51.1695,25.794,25.0063,0.499077
1.345,0.284285,-0.94118,889.65,-23.0331,46.0666,127.726,1016.08,19.8563,0,51.1715,25.7946,25.0063,0.499074
1.346,0.283344,-0.94102,889.65,-23.0319,46.0642,127.713,1015.87,19.8515,0,51.1734,25.7953,25.0063,0.499071
1.347,0.282403,-0.940851,889.65,-23.0307,46.0618,127.7,1015.65,19.8465,0,51.1755,25.7959,25.0064,0.499068
1.348,0.281462,-0.940672,889.65,-23.0295,46.0594,127.687,1015.43,19.8413,0,51.1777,25.7965,25.0064,0.499064
1.349,0.280522,-0.940484,889.65,-23.0284,46.0571,127.674,1015.2,19.8359,0,51.1799,25.7971,25.0064,0.499061
1.35,0.279581,-0.940287,889.65,-23.0272,46.0547,127.661,1014.96,19.8303,0,51.1822,25.7978,25.0064,0.499058
1.351,0.278641,-0.940081,889.65,-23.026,46.0523,127.648,1014.71,19.8245,0,51.1846,25.7984,25.0064,0.499055
1.352,0.277701,-0.939865,889.65,-23.0248,46.0499,127.635,1014.45,19.8185,0,51.1871,25.799,25.0064,0.499051
1.353,0.276762,-0.93964,889.65,-23.0236,46.0475,127.622,1014.18,19.8123,0,51.1897,25.7996,25.0064,0.499048
1.354,0.275822,-0.939406,889.65,-23.0224,46.0451,127.609,1013.91,19.8059,0,51.1924,25.8003,25.0064,0.499045
1.355,0.274883,-0.939163,889.65,-23.0212,46.0427,127.596,1013.63,19.7993,0,51.1951,25.8009,25.0064,0.499042
1.356,0.273944,-0.93891,889.65,-23.02,46.0403,127.583,1013.33,19.7925,0,51.1979,25.8015,25.0064,0.499038
1.357,0.273005,-0.938648,889.65,-23.0188,46.0379,127.57,1013.03,19.7855,0,51.2008,25.8021,25.0064,0.499035
1.358,0.272066,-0.938376,889.65,-23.0176,46.0355,127.557,1012.73,19.7783,0,51.2038,25.8028,25.0064,0.499032
1.359,0.271128,-0.938096,889.65,-23.0164,46.0332,127.545,1012.41,19.7709,0,51.2069,25.8034,25.0064,0.499029
1.36,0.27019,-0.937806,889.65,-23.0152,46.0308,127.532,1012.08,19.7634,0,51.21,25.804,25.0065,0.499025
1.361,0.269253,-0.937507,889.65,-23.014,46.0284,127.519,1011.75,19.7556,0,51.2133,25.8046,25.0065,0.499022
1.362,0.268315,-0.937199,889.65,-23.0128,46.026,127.506,1011.4,19.7476,0,51.2166,25.8053,25.0065,0.499019
1.363,0.267378,-0.936881,889.65,-23.0116,46.0236,127.493,1011.05,19.7394,0,51.22,25.8059,25.0065,0.499016
1.364,0.266441,-0.936554,889.65,-23.0104,46.0212,127.48,1010.69,19.7311,0,51.2235,25.8065,25.0065,0.499013
1.365,0.265505,-0.936218,889.65,-23.0092,46.0188,127.467,1010.33,19.7225,0,51.227,25.8071,25.0065,0.499009
1.366,0.264569,-0.935873,889.65,-23.008,46.0164,127.454,1009.95,19.7137,0,51.2307,25.8077,25.0065,0.499006
1.367,0.263633,-0.935518,889.65,-23.0068,46.014,127.441,1009.56,19.7048,0,51.2344,25.8084,25.0065,0.499003
1.368,0.262698,-0.935155,889.65,-23.0056,46.0116,127.428,1009.17,19.6956,0,51.2382,25.809,25.0065,0.499
1.369,0.261763,-0.934782,889.65,-23.0044,46.0093,127.415,1008.77,19.6863,0,51.2421,25.8096,25.0065,0.498996
1.37,0.260828,-0.934399,889.65,-23.0033,46.0069,127.402,1008.36,19.6768,0,51.2461,25.8102,25.0065,0.498993
1.371,0.259894,-0.934008,889.65,-23.0021,46.0045,127.389,1007.94,19.667,0,51.2501,25.8109,25.0065,0.49899
1.372,0.25896,-0.933607,889.65,-23.0009,46.0021,127.376,1007.51,19.6571,0,51.2543,25.8115,25.0065,0.498987
1.373,0.258027,-0.933197,889.65,-22.9997,45.9997,127.364,1007.08,19.647,0,51.2585,25.8121,25.0065,0.498984
1.374,0.257094,-0.932778,889.65,-22.9985,45.9973,127.351,1006.63,19.6367,0,51.2628,25.8127,25.0066,0.49898
1.375,0.256161,-0.93235,889.65,-22.9973,45.9949,127.338,1006.18,19.6262,0,51.2672,25.8134,25.0066,0.498977
1.376,0.255229,-0.931912,889.65,-22.9961,45.9925,127.325,1005.72,19.6155,0,51.2717,25.814,25.0066,0.498974
1.377,0.254297,-0.931466,889.65,-22.9949,45.9902,127.312,1005.25,19.6046,0,51.2762,25.8146,25.0066,0.498971
1.378,0.253366,-0.93101,889.65,-22.9937,45.9878,127.299,1004.77,19.5935,0,51.2808,25.8152,25.0066,0.498968
1.379,0.252435,-0.930545,889.65,-22.9925,45.9854,127.286,1004.28,19.5822,0,51.2855,25.8159,25.0066,0.498964
1.38,0.251505,-0.930071,889.65,-22.9913,45.983,127.273,1003.79,19.5707,0,51.2903,25.8165,25.0066,0.498961
1.381,0.250575,-0.929587,889.65,-22.9901,45.9806,127.26,1003.29,19.5591,0,51.2952,25.8171,25.0066,0.498958
1.382,0.249646,-0.929094,889.65,-22.9889,45.9782,127.248,1002.78,19.5472,0,51.3001,25.8177,25.0066,0.498955
1.383,0.248717,-0.928593,889.65,-22.9877,45.9759,127.235,1002.26,19.5352,0,51.3052,25.8183,25.0066,0.498952
1.384,0.247789,-0.928082,889.65,-22.9866,45.9735,127.222,1001.73,19.523,0,51.3103,25.819,25.0066,0.498948
1.385,0.246861,-0.927562,889.65,-22.9854,45.9711,127.209,1001.19,19.5105,0,51.3155,25.8196,25.0066,0.498945
1.386,0.245934,-0.927032,889.65,-22.9842,45.9687,127.196,1000.65,19.4979,0,51.3207,25.8202,25.0066,0.498942
1.387,0.245007,-0.926494,889.65,-22.983,45.9663,127.183,1000.09,19.4851,0,51.3261,25.8208,25.0066,0.498939
1.388,0.244081,-0.925946,889.65,-22.9818,45.964,127.17,999.532,19.4721,0,51.3315,25.8215,25.0067,0.498936
1.389,0.243155,-0.92539,889.65,-22.9806,45.9616,127.157,998.963,19.4589,0,51.337,25.8221,25.0067,0.498932
1.39,0.24223,-0.924824,889.65,-22.9794,45.9592,127.145,998.385,19.4455,0,51.3426,25.8227,25.0067,0.498929
1.391,0.241305,-0.924249,889.65,-22.9782,45.9568,127.132,997.798,19.432,0,51.3483,25.8233,25.0067,0.498926
1.392,0.240381,-0.923665,889.65,-22.977,45.9544,127.119,997.204,19.4182,0,51.354,25.8239,25.0067,0.498923
1.393,0.239458,-0.923072,889.65,-22.9758,45.9521,127.106,996.601,19.4043,0,51.3598,25.8246,25.0067,0.49892
1.394,0.238535,-0.922469,889.65,-22.9747,45.9497,127.093,995.99,19.3902,0,51.3657,25.8252,25.0067,0.498917
1.395,0.237613,-0.921858,889.65,-22.9735,45.9473,127.08,995.37,19.3758,0,51.3717,25.8258,25.0067,0.498913
1.396,0.236691,-0.921237,889.65,-22.9723,45.9449,127.068,994.742,19.3613,0,51.3778,25.8264,25.0067,0.49891
1.397,0.23577,-0.920608,889.65,-22.9711,45.9426,127.055,994.106,19.3466,0,51.3839,25.8271,25.0067,0.498907
1.398,0.23485,-0.919969,889.65,-22.9699,45.9402,127.042,993.462,19.3318,0,51.3901,25.8277,25.0067,0.498904
1.399,0.23393,-0.919321,889.65,-22.9687,45.9378,127.029,992.81,19.3167,0,51.3964,25.8283,25.0067,0.498901
1.4,0.233011,-0.918664,889.65,-22.9675,45.9355,127.016,992.149,19.3015,0,51.4028,25.8289,25.0067,0.498898
1.401,0.232093,-0.917999,889.65,-22.9664,45.9331,127.004,991.48,19.286,0,51.4093,25.8295,25.0067,0.498894
1.402,0.231175,-0.917324,889.65,-22.9652,45.9307,126.991,990.803,19.2704,0,51.4158,25.8302,25.0068,0.498891
1.403,0.230258,-0.91664,889.65,-22.964,45.9284,126.978,990.117,19.2546,0,51.4224,25.8308,25.0068,0.498888
1.404,0.229342,-0.915946,889.65,-22.9628,45.926,126.965,989.423,19.2386,0,51.4291,25.8314,25.0068,0.498885
1.405,0.228426,-0.915244,889.65,-22.9616,45.9236,126.953,988.722,19.2224,0,51.4358,25.832,25.0068,0.498882
1.406,0.227512,-0.914533,889.65,-22.9604,45.9213,126.94,988.012,19.2061,0,51.4427,25.8326,25.0068,0.498879
1.407,0.226597,-0.913813,889.65,-22.9593,45.9189,126.927,987.293,19.1895,0,51.4496,25.8333,25.0068,0.498876
1.408,0.225684,-0.913084,889.65,-22.9581,45.9165,126.914,986.567,19.1728,0,51.4566,25.8339,25.0068,0.498872
1.409,0.224771,-0.912346,889.65,-22.9569,45.9142,126.902,985.832,19.1559,0,51.4637,25.8345,25.0068,0.498869
1.41,0.223859,-0.911598,889.65,-22.9557,45.9118,126.889,985.089,19.1388,0,51.4708,25.8351,25.0068,0.498866
1.411,0.222948,-0.910842,889.65,-22.9546,45.9095,126.876,984.339,19.1215,0,51.478,25.8357,25.0068,0.498863
1.412,0.222037,-0.910077,889.65,-22.9534,45.9071,126.863,983.58,19.1041,0,51.4853,25.8364,25.0068,0.49886
1.413,0.221128,-0.909303,889.65,-22.9522,45.9048,126.851,982.812,19.0864,0,51.4927,25.837,25.0068,0.498857
1.414,0.220219,-0.90852,889.65,-22.951,45.9024,126.838,982.037,19.0686,0,51.5002,25.8376,25.0068,0.498854
1.415,0.219311,-0.907728,889.65,-22.9498,45.9001,126.825,981.254,19.0506,0,51.5077,25.8382,25.0069,0.498851
1.416,0.218403,-0.906927,889.65,-22.9487,45.8977,126.813,980.462,19.0324,0,51.5153,25.8388,25.0069,0.498847
1.417,0.217497,-0.906117,889.65,-22.9475,45.8954,126.8,979.662,19.0141,0,51.523,25.8395,25.0069,0.498844
1.418,0.216591,-0.905298,889.65,-22.9463,45.893,126.787,978.855,18.9955,0,51.5307,25.8401,25.0069,0.498841
1.419,0.215686,-0.90447,889.65,-22.9451,45.8907,126.775,978.039,18.9768,0,51.5386,25.8407,25.0069,0.498838
1.42,0.214782,-0.903633,889.65,-22.944,45.8883,126.762,977.215,18.9579,0,51.5465,25.8413,25.0069,0.498835
1.421,0.213879,-0.902787,889.65,-22.9428,45.886,126.749,976.383,18.9389,0,51.5545,25.8419,25.0069,0.498832
1.422,0.212976,-0.901932,889.65,-22.9416,45.8836,126.737,975.543,18.9196,0,51.5625,25.8426,25.0069,0.498829
1.423,0.212075,-0.901069,889.65,-22.9405,45.8813,126.724,974.695,18.9002,0,51.5706,25.8432,25.0069,0.498826
1.424,0.211174,-0.900196,889.65,-22.9393,45.879,126.712,973.839,18.8806,0,51.5789,25.8438,25.0069,0.498823
1.425,0.210274,-0.899315,889.65,-22.9381,45.8766,126.699,972.975,18.8608,0,51.5871,25.8444,25.0069,0.49882
1.426,0.209376,-0.898425,889.65,-22.937,45.8743,126.686,972.103,18.8408,0,51.5955,25.845,25.0069,0.498817
1.427,0.208478,-0.897526,889.65,-22.9358,45.872,126.674,971.223,18.8207,0,51.6039,25.8457,25.0069,0.498813
1.428,0.20758,-0.896618,889.65,-22.9346,45.8696,126.661,970.334,18.8004,0,51.6124,25.8463,25.0069,0.49881
1.429,0.206684,-0.895701,889.65,-22.9335,45.8673,126.649,969.438,18.7799,0,51.621,25.8469,25.007,0.498807
1.43,0.205789,-0.894775,889.65,-22.9323,45.865,126.636,968.534,18.7593,0,51.6296,25.8475,25.007,0.498804
1.431,0.204895,-0.893841,889.65,-22.9311,45.8626,126.624,967.622,18.7384,0,51.6383,25.8481,25.007,0.498801
1.432,0.204001,-0.892898,889.65,-22.93,45.8603,126.611,966.702,18.7174,0,51.6471,25.8488,25.007,0.498798
1.433,0.203109,-0.891946,889.65,-22.9288,45.858,126.599,965.774,18.6963,0,51.656,25.8494,25.007,0.498795
1.434,0.202217,-0.890985,889.65,-22.9276,45.8557,126.586,964.838,18.6749,0,51.6649,25.85,25.007,0.498792
1.435,0.201327,-0.890015,889.65,-22.9265,45.8534,126.574,963.895,18.6534,0,51.6739,25.8506,25.007,0.498789
1.436,0.200437,-0.889037,889.65,-22.9253,45.851,126.561,962.943,18.6317,0,51.683,25.8512,25.007,0.498786
1.437,0.199549,-0.888049,889.65,-22.9242,45.8487,126.549,961.983,18.6098,0,51.6922,25.8519,25.007,0.498783
1.438,0.198661,-0.887053,889.65,-22.923,45.8464,126.536,961.016,18.5878,0,51.7014,25.8525,25.007,0.49878
1.439,0.197775,-0.886048,889.65,-22.9219,45.8441,126.524,960.04,18.5656,0,51.7107,25.8531,25.007,0.498777
1.44,0.196889,-0.885035,889.65,-22.9207,45.8418,126.511,959.057,18.5432,0,51.7201,25.8537,25.007,0.498774
1.441,0.196004,-0.884013,889.65,-22.9195,45.8395,126.499,958.066,18.5207,0,51.7295,25.8543,25.007,0.498771
1.442,0.195121,-0.882982,889.65,-22.9184,45.8372,126.486,957.067,18.498,0,51.739,25.8549,25.007,0.498768
1.443,0.194238,-0.881942,889.65,-22.9172,45.8349,126.474,956.06,18.4751,0,51.7486,25.8556,25.0071,0.498765
1.444,0.193357,-0.880894,889.65,-22.9161,45.8326,126.462,955.045,18.452,0,51.7583,25.8562,25.0071,0.498762
1.445,0.192477,-0.879837,889.65,-22.9149,45.8303,126.449,954.023,18.4288,0,51.768,25.8568,25.0071,0.498759
1.446,0.191597,-0.878771,889.65,-22.9138,45.828,126.437,952.993,18.4054,0,51.7778,25.8574,25.0071,0.498756
1.447,0.190719,-0.877696,889.65,-22.9126,45.8257,126.424,951.955,18.3819,0,51.7876,25.858,25.0071,0.498753
1.448,0.189842,-0.876613,889.65,-22.9115,45.8234,126.412,950.909,18.3582,0,51.7976,25.8587,25.0071,0.49875
1.449,0.188966,-0.875522,889.65,-22.9103,45.8211,126.4,949.855,18.3343,0,51.8076,25.8593,25.0071,0.498747
1.45,0.188091,-0.874421,889.65,-22.9092,45.8188,126.387,948.794,18.3102,0,51.8176,25.8599,25.0071,0.498744
1.451,0.187217,-0.873312,889.65,-22.9081,45.8165,126.375,947.725,18.286,0,51.8278,25.8605,25.0071,0.498741
1.452,0.186344,-0.872194,889.65,-22.9069,45.8142,126.363,946.648,18.2617,0,51.838,25.8611,25.0071,0.498738
1.453,0.185472,-0.871068,889.65,-22.9058,45.8119,126.35,945.563,18.2371,0,51.8483,25.8617,25.0071,0.498735
1.454,0.184602,-0.869933,889.65,-22.9046,45.8097,126.338,944.471,18.2124,0,51.8586,25.8624,25.0071,0.498732
1.455,0.183732,-0.86879,889.65,-22.9035,45.8074,126.326,943.371,18.1876,0,51.869,25.863,25.0071,0.498729
1.456,0.182864,-0.867638,889.65,-22.9024,45.8051,126.314,942.263,18.1625,0,51.8795,25.8636,25.0071,0.498726
1.457,0.181997,-0.866477,889.65,-22.9012,45.8028,126.301,941.148,18.1373,0,51.8901,25.8642,25.0072,0.498723
1.458,0.181131,-0.865308,889.65,-22.9001,45.8006,126.289,940.025,18.112,0,51.9007,25.8648,25.0072,0.49872
1.459,0.180266,-0.86413,889.65,-22.8989,45.7983,126.277,938.894,18.0865,0,51.9114,25.8655,25.0072,0.498717
1.46,0.179403,-0.862944,889.65,-22.8978,45.796,126.265,937.756,18.0608,0,51.9221,25.8661,25.0072,0.498714
1.461,0.178541,-0.86175,889.65,-22.8967,45.7938,126.253,936.61,18.035,0,51.9329,25.8667,25.0072,0.498711
1.462,0.177679,-0.860546,889.65,-22.8955,45.7915,126.24,935.456,18.009,0,51.9438,25.8673,25.0072,0.498708
1.463,0.176819,-0.859335,889.65,-22.8944,45.7892,126.228,934.295,17.9828,0,51.9548,25.8679,25.0072,0.498705
1.464,0.175961,-0.858114,889.65,-22.8933,45.787,126.216,933.126,17.9565,0,51.9658,25.8685,25.0072,0.498702
1.465,0.175103,-0.856886,889.65,-22.8922,45.7847,126.204,931.95,17.9301,0,51.9769,25.8692,25.0072,0.498699
1.466,0.174247,-0.855649,889.65,-22.891,45.7825,126.192,930.766,17.9035,0,51.988,25.8698,25.0072,0.498696
1.467,0.173392,-0.854403,889.65,-22.8899,45.7802,126.18,929.574,17.8767,0,51.9992,25.8704,25.0072,0.498693
1.468,0.172538,-0.853149,889.65,-22.8888,45.778,126.168,928.375,17.8498,0,52.0105,25.871,25.0072,0.49869
1.469,0.171685,-0.851887,889.65,-22.8877,45.7757,126.156,927.168,17.8227,0,52.0219,25.8716,25.0072,0.498688
1.47,0.170834,-0.850616,889.65,-22.8865,45.7735,126.144,925.954,17.7954,0,52.0333,25.8722,25.0072,0.498685
1.471,0.169984,-0.849337,889.65,-22.8854,45.7712,126.132,924.733,17.768,0,52.0448,25.8729,25.0072,0.498682
1.472,0.169135,-0.848049,889.65,-22.8843,45.769,126.12,923.504,17.7405,0,52.0563,25.8735,25.0073,0.498679
1.473,0.168288,-0.846753,889.65,-22.8832,45.7668,126.108,922.267,17.7128,0,52.0679,25.8741,25.0073,0.498676
1.474,0.167442,-0.845449,889.65,-22.8821,45.7645,126.096,921.023,17.6849,0,52.0796,25.8747,25.0073,0.498673
1.475,0.166597,-0.844136,889.65,-22.881,45.7623,126.084,919.772,17.6569,0,52.0913,25.8753,25.0073,0.49867
1.476,0.165753,-0.842815,889.65,-22.8798,45.7601,126.072,918.513,17.6287,0,52.1031,25.8759,25.0073,0.498667
1.477,0.164911,-0.841486,889.65,-22.8787,45.7579,126.06,917.246,17.6004,0,52.115,25.8765,25.0073,0.498664
1.478,0.16407,-0.840148,889.65,-22.8776,45.7556,126.048,915.973,17.572,0,52.1269,25.8772,25.0073,0.498662
1.479,0.163231,-0.838802,889.65,-22.8765,45.7534,126.036,914.691,17.5434,0,52.1389,25.8778,25.0073,0.498659
1.48,0.162393,-0.837448,889.65,-22.8754,45.7512,126.024,913.403,17.5146,0,52.151,25.8784,25.0073,0.498656
1.481,0.161556,-0.836085,889.65,-22.8743,45.749,126.012,912.107,17.4857,0,52.1631,25.879,25.0073,0.498653
1.482,0.160721,-0.834715,889.65,-22.8732,45.7468,126,910.804,17.4566,0,52.1753,25.8796,25.0073,0.49865
1.483,0.159886,-0.833336,889.65,-22.8721,45.7446,125.988,909.493,17.4274,0,52.1875,25.8802,25.0073,0.498647
1.484,0.159054,-0.831949,889.65,-22.871,45.7424,125.976,908.175,17.3981,0,52.1998,25.8809,25.0073,0.498644
1.485,0.158222,-0.830553,889.65,-22.8699,45.7402,125.965,906.85,17.3686,0,52.2122,25.8815,25.0073,0.498642
1.486,0.157393,-0.82915,889.65,-22.8688,45.738,125.953,905.517,17.3389,0,52.2246,25.8821,25.0074,0.498639
1.487,0.156564,-0.827738,889.65,-22.8677,45.7358,125.941,904.177,17.3091,0,52.2371,25.8827,25.0074,0.498636
1.488,0.155737,-0.826318,889.65,-22.8666,45.7336,125.929,902.83,17.2792,0,52.2496,25.8833,25.0074,0.498633
1.489,0.154911,-0.82489,889.65,-22.8655,45.7314,125.918,901.476,17.2491,0,52.2622,25.8839,25.0074,0.49863
1.49,0.154087,-0.823454,889.65,-22.8644,45.7292,125.906,900.114,17.2189,0,52.2749,25.8845,25.0074,0.498627
1.491,0.153264,-0.822009,889.65,-22.8633,45.727,125.894,898.745,17.1885,0,52.2876,25.8852,25.0074,0.498625
1.492,0.152443,-0.820557,889.65,-22.8622,45.7248,125.882,897.369,17.158,0,52.3004,25.8858,25.0074,0.498622
1.493,0.151623,-0.819096,889.65,-22.8611,45.7227,125.871,895.986,17.1273,0,52.3133,25.8864,25.0074,0.498619
1.494,0.150805,-0.817628,889.65,-22.86,45.7205,125.859,894.595,17.0965,0,52.3262,25.887,25.0074,0.498616
1.495,0.149988,-0.816151,889.65,-22.859,45.7183,125.847,893.198,17.0656,0,52.3391,25.8876,25.0074,0.498613
1.496,0.149172,-0.814666,889.65,-22.8579,45.7162,125.836,891.793,17.0345,0,52.3522,25.8882,25.0074,0.498611
1.497,0.148359,-0.813173,889.65,-22.8568,45.714,125.824,890.381,17.0033,0,52.3653,25.8888,25.0074,0.498608
1.498,0.147546,-0.811672,889.65,-22.8557,45.7118,125.813,888.962,16.9719,0,52.3784,25.8895,25.0074,0.498605
1.499,0.146735,-0.810163,889.65,-22.8546,45.7097,125.801,887.536,16.9404,0,52.3916,25.8901,25.0074,0.498602
1.5,0.145926,-0.808647,889.65,-22.8536,45.7075,125.789,886.102,16.9088,0,52.4049,25.8907,25.0074,0.4986
1.501,0.145118,-0.807122,889.65,-22.8525,45.7054,125.778,884.662,16.877,0,52.4182,25.8913,25.0075,0.498597
1.502,0.144311,-0.805589,889.65,-22.8514,45.7032,125.766,883.215,16.8451,0,52.4316,25.8919,25.0075,0.498594
1.503,0.143506,-0.804048,889.65,-22.8503,45.7011,125.755,881.76,16.813,0,52.445,25.8925,25.0075,0.498591
1.504,0.142703,-0.802499,889.65,-22.8493,45.6989,125.743,880.298,16.7809,0,52.4585,25.8931,25.0075,0.498589
1.505,0.141901,-0.800943,889.65,-22.8482,45.6968,125.732,878.83,16.7485,0,52.472,25.8938,25.0075,0.498586
1.506,0.141101,-0.799378,889.65,-22.8471,45.6947,125.721,877.354,16.7161,0,52.4856,25.8944,25.0075,0.498583
1.507,0.140303,-0.797806,889.65,-22.8461,45.6925,125.709,875.872,16.6835,0,52.4993,25.895,25.0075,0.49858
1.508,0.139506,-0.796226,889.65,-22.845,45.6904,125.698,874.382,16.6508,0,52.513,25.8956,25.0075,0.498578
1.509,0.13871,-0.794638,889.65,-22.8439,45.6883,125.686,872.886,16.6179,0,52.5268,25.8962,25.0075,0.498575
1.51,0.137916,-0.793042,889.65,-22.8429,45.6862,125.675,871.382,16.5849,0,52.5406,25.8968,25.0075,0.498572
1.511,0.137124,-0.791438,889.65,-22.8418,45.684,125.664,869.872,16.5518,0,52.5545,25.8974,25.0075,0.498569
1.512,0.136333,-0.789826,889.65,-22.8408,45.6819,125.652,868.354,16.5185,0,52.5685,25.8981,25.0075,0.498567
1.513,0.135544,-0.788207,889.65,-22.8397,45.6798,125.641,866.83,16.4852,0,52.5824,25.8987,25.0075,0.498564
1.514,0.134757,-0.78658,889.65,-22.8387,45.6777,125.63,865.299,16.4516,0,52.5965,25.8993,25.0075,0.498561
1.515,0.133971,-0.784945,889.65,-22.8376,45.6756,125.618,863.761,16.418,0,52.6106,25.8999,25.0075,0.498559
1.516,0.133187,-0.783302,889.65,-22.8365,45.6735,125.607,862.216,16.3842,0,52.6248,25.9005,25.0076,0.498556
1.517,0.132404,-0.781651,889.65,-22.8355,45.6714,125.596,860.664,16.3503,0,52.639,25.9011,25.0076,0.498553
1.518,0.131623,-0.779993,889.65,-22.8345,45.6693,125.585,859.106,16.3163,0,52.6532,25.9017,25.0076,0.498551
1.519,0.130844,-0.778327,889.65,-22.8334,45.6672,125.574,857.54,16.2821,0,52.6676,25.9023,25.0076,0.498548
1.52,0.130067,-0.776654,889.65,-22.8324,45.6652,125.562,855.968,16.2479,0,52.6819,25.903,25.0076,0.498545
1.521,0.129291,-0.774973,889.649,-22.8313,45.6631,125.551,854.389,16.2134,0,52.6964,25.9036,25.0076,0.498543
1.522,0.128517,-0.773284,889.649,-22.8303,45.661,125.54,852.804,16.1789,0,52.7108,25.9042,25.0076,0.49854
1.523,0.127744,-0.771587,889.649,-22.8293,45.6589,125.529,851.211,16.1442,0,52.7254,25.9048,25.0076,0.498537
1.524,0.126973,-0.769883,889.649,-22.8282,45.6568,125.518,849.612,16.1095,0,52.74,25.9054,25.0076,0.498535
1.525,0.126204,-0.768172,889.649,-22.8272,45.6548,125.507,848.006,16.0745,0,52.7546,25.906,25.0076,0.498532
1.526,0.125437,-0.766452,889.649,-22.8262,45.6527,125.496,846.394,16.0395,0,52.7693,25.9066,25.0076,0.498529
1.527,0.124671,-0.764725,889.649,-22.8251,45.6507,125.485,844.775,16.0044,0,52.784,25.9073,25.0076,0.498527
1.528,0.123907,-0.762991,889.649,-22.8241,45.6486,125.474,843.149,15.9691,0,52.7988,25.9079,25.0076,0.498524
1.529,0.123145,-0.761249,889.649,-22.8231,45.6466,125.463,841.516,15.9337,0,52.8137,25.9085,25.0076,0.498522
1.53,0.122385,-0.7595,889.649,-22.822,45.6445,125.452,839.877,15.8982,0,52.8286,25.9091,25.0076,0.498519
1.531,0.121626,-0.757743,889.649,-22.821,45.6425,125.441,838.231,15.8625,0,52.8435,25.9097,25.0077,0.498516
1.532,0.120869,-0.755978,889.649,-22.82,45.6404,125.43,836.579,15.8268,0,52.8585,25.9103,25.0077,0.498514
1.533,0.120114,-0.754207,889.649,-22.819,45.6384,125.419,834.92,15.7909,0,52.8735,25.9109,25.0077,0.498511
1.534,0.119361,-0.752427,889.649,-22.818,45.6364,125.408,833.255,15.7549,0,52.8886,25.9115,25.0077,0.498509
1.535,0.118609,-0.750641,889.649,-22.817,45.6343,125.397,831.582,15.7188,0,52.9038,25.9121,25.0077,0.498506
1.536,0.117859,-0.748846,889.649,-22.8159,45.6323,125.387,829.904,15.6825,0,52.919,25.9128,25.0077,0.498504
1.537,0.117111,-0.747045,889.649,-22.8149,45.6303,125.376,828.219,15.6462,0,52.9342,25.9134,25.0077,0.498501
1.538,0.116365,-0.745236,889.649,-22.8139,45.6283,125.365,826.527,15.6097,0,52.9495,25.914,25.0077,0.498498
1.539,0.115621,-0.74342,889.649,-22.8129,45.6263,125.354,824.829,15.5731,0,52.9648,25.9146,25.0077,0.498496
1.54,0.114878,-0.741596,889.649,-22.8119,45.6242,125.344,823.125,15.5365,0,52.9802,25.9152,25.0077,0.498493
1.541,0.114138,-0.739765,889.649,-22.8109,45.6222,125.333,821.414,15.4996,0,52.9957,25.9158,25.0077,0.498491
1.542,0.113399,-0.737927,889.649,-22.8099,45.6202,125.322,819.696,15.4627,0,53.0111,25.9164,25.0077,0.498488
1.543,0.112662,-0.736081,889.649,-22.8089,45.6183,125.311,817.973,15.4257,0,53.0267,25.917,25.0077,0.498486
1.544,0.111926,-0.734229,889.649,-22.8079,45.6163,125.301,816.242,15.3885,0,53.0423,25.9177,25.0077,0.498483
1.545,0.111193,-0.732369,889.649,-22.8069,45.6143,125.29,814.506,15.3513,0,53.0579,25.9183,25.0077,0.498481
1.546,0.110462,-0.730501,889.649,-22.8059,45.6123,125.28,812.763,15.3139,0,53.0736,25.9189,25.0078,0.498478
1.547,0.109732,-0.728627,889.649,-22.8049,45.6103,125.269,811.014,15.2764,0,53.0893,25.9195,25.0078,0.498476
1.548,0.109004,-0.726745,889.649,-22.804,45.6083,125.259,809.258,15.2388,0,53.105,25.9201,25.0078,0.498473
1.549,0.108278,-0.724856,889.649,-22.803,45.6064,125.248,807.496,15.2011,0,53.1208,25.9207,25.0078,0.498471
1.55,0.107554,-0.722961,889.649,-22.802,45.6044,125.238,805.728,15.1633,0,53.1367,25.9213,25.0078,0.498468
1.551,0.106832,-0.721057,889.649,-22.801,45.6024,125.227,803.954,15.1254,0,53.1526,25.9219,25.0078,0.498466
1.552,0.106112,-0.719147,889.649,-22.8,45.6005,125.217,802.173,15.0874,0,53.1686,25.9225,25.0078,0.498463
1.553,0.105394,-0.71723,889.649,-22.7991,45.5985,125.206,800.386,15.0492,0,53.1846,25.9232,25.0078,0.498461
1.554,0.104678,-0.715305,889.649,-22.7981,45.5966,125.196,798.593,15.011,0,53.2006,25.9238,25.0078,0.498458
1.555,0.103963,-0.713374,889.649,-22.7971,45.5946,125.185,796.794,14.9726,0,53.2167,25.9244,25.0078,0.498456
1.556,0.103251,-0.711436,889.649,-22.7961,45.5927,125.175,794.988,14.9342,0,53.2328,25.925,25.0078,0.498454
1.557,0.10254,-0.70949,889.649,-22.7952,45.5908,125.165,793.177,14.8956,0,53.249,25.9256,25.0078,0.498451
1.558,0.101832,-0.707537,889.649,-22.7942,45.5888,125.154,791.359,14.857,0,53.2652,25.9262,25.0078,0.498449
1.559,0.101125,-0.705578,889.649,-22.7932,45.5869,125.144,789.535,14.8182,0,53.2814,25.9268,25.0078,0.498446
1.56,0.10042,-0.703612,889.649,-22.7923,45.585,125.134,787.705,14.7793,0,53.2977,25.9274,25.0078,0.498444
1.561,0.0997178,-0.701638,889.649,-22.7913,45.5831,125.124,785.869,14.7404,0,53.3141,25.928,25.0078,0.498441
1.562,0.0990171,-0.699658,889.649,-22.7904,45.5812,125.113,784.027,14.7013,0,53.3305,25.9286,25.0079,0.498439
1.563,0.0983184,-0.697671,889.649,-22.7894,45.5792,125.103,782.179,14.6621,0,53.3469,25.9293,25.0079,0.498437
1.564,0.0976217,-0.695676,889.649,-22.7885,45.5773,125.093,780.324,14.6228,0,53.3634,25.9299,25.0079,0.498434
1.565,0.0969269,-0.693675,889.649,-22.7875,45.5754,125.083,778.464,14.5835,0,53.3799,25.9305,25.0079,0.498432
1.566,0.0962342,-0.691668,889.649,-22.7866,45.5735,125.073,776.598,14.544,0,53.3964,25.9311,25.0079,0.498429
1.567,0.0955435,-0.689653,889.649,-22.7856,45.5717,125.063,774.726,14.5044,0,53.413,25.9317,25.0079,0.498427
1.568,0.0948548,-0.687631,889.649,-22.7847,45.5698,125.053,772.848,14.4648,0,53.4297,25.9323,25.0079,0.498425
1.569,0.0941681,-0.685603,889.649,-22.7837,45.5679,125.043,770.964,14.425,0,53.4464,25.9329,25.0079,0.498422
1.57,0.0934835,-0.683568,889.649,-22.7828,45.566,125.033,769.074,14.3851,0,53.4631,25.9335,25.0079,0.49842
1.571,0.0928009,-0.681526,889.649,-22.7819,45.5641,125.023,767.178,14.3452,0,53.4798,25.9341,25.0079,0.498418
1.572,0.0921204,-0.679478,889.649,-22.7809,45.5623,125.013,765.276,14.3051,0,53.4966,25.9347,25.0079,0.498415
1.573,0.0914419,-0.677423,889.649,-22.78,45.5604,125.003,763.368,14.265,0,53.5135,25.9354,25.0079,0.498413
1.574,0.0907654,-0.675361,889.649,-22.7791,45.5586,124.993,761.455,14.2247,0,53.5304,25.936,25.0079,0.498411
1.575,0.090091,-0.673292,889.649,-22.7781,45.5567,124.983,759.535,14.1844,0,53.5473,25.9366,25.0079,0.498408
1.576,0.0894187,-0.671217,889.649,-22.7772,45.5549,124.973,757.61,14.144,0,53.5642,25.9372,25.0079,0.498406
1.577,0.0887485,-0.669135,889.649,-22.7763,45.553,124.963,755.679,14.1034,0,53.5812,25.9378,25.0079,0.498404
1.578,0.0880804,-0.667047,889.649,-22.7754,45.5512,124.954,753.743,14.0628,0,53.5983,25.9384,25.008,0.498401
1.579,0.0874143,-0.664952,889.649,-22.7744,45.5493,124.944,751.8,14.0221,0,53.6153,25.939,25.008,0.498399
1.58,0.0867503,-0.66285,889.649,-22.7735,45.5475,124.934,749.852,13.9813,0,53.6325,25.9396,25.008,0.498397
1.581,0.0860885,-0.660742,889.649,-22.7726,45.5457,124.924,747.898,13.9404,0,53.6496,25.9402,25.008,0.498395
1.582,0.0854288,-0.658627,889.649,-22.7717,45.5439,124.915,745.939,13.8994,0,53.6668,25.9408,25.008,0.498392
1.583,0.0847711,-0.656506,889.649,-22.7708,45.542,124.905,743.974,13.8584,0,53.684,25.9414,25.008,0.49839
1.584,0.0841156,-0.654379,889.649,-22.7699,45.5402,124.895,742.003,13.8172,0,53.7013,25.9421,25.008,0.498388
1.585,0.0834623,-0.652245,889.649,-22.769,45.5384,124.886,740.026,13.776,0,53.7186,25.9427,25.008,0.498385
1.586,0.082811,-0.650104,889.649,-22.7681,45.5366,124.876,738.044,13.7346,0,53.7359,25.9433,25.008,0.498383
1.587,0.082162,-0.647957,889.649,-22.7672,45.5348,124.867,736.056,13.6932,0,53.7533,25.9439,25.008,0.498381
1.588,0.081515,-0.645804,889.649,-22.7663,45.533,124.857,734.063,13.6517,0,53.7707,25.9445,25.008,0.498379
1.589,0.0808702,-0.643644,889.649,-22.7654,45.5313,124.848,732.064,13.6101,0,53.7882,25.9451,25.008,0.498377
1.59,0.0802276,-0.641478,889.649,-22.7645,45.5295,124.838,730.06,13.5685,0,53.8056,25.9457,25.008,0.498374
1.591,0.0795872,-0.639306,889.649,-22.7636,45.5277,124.829,728.05,13.5267,0,53.8232,25.9463,25.008,0.498372
1.592,0.0789489,-0.637127,889.649,-22.7628,45.5259,124.819,726.035,13.4849,0,53.8407,25.9469,25.008,0.49837
1.593,0.0783128,-0.634942,889.649,-22.7619,45.5242,124.81,724.014,13.4429,0,53.8583,25.9475,25.008,0.498368
1.594,0.0776789,-0.632751,889.649,-22.761,45.5224,124.801,721.988,13.4009,0,53.8759,25.9481,25.0081,0.498365
1.595,0.0770472,-0.630553,889.649,-22.7601,45.5207,124.791,719.956,13.3588,0,53.8936,25.9488,25.0081,0.498363
1.596,0.0764177,-0.628349,889.649,-22.7592,45.5189,124.782,717.919,13.3167,0,53.9113,25.9494,25.0081,0.498361
1.597,0.0757904,-0.62614,889.649,-22.7584,45.5172,124.773,715.876,13.2744,0,53.929,25.95,25.0081,0.498359
1.598,0.0751653,-0.623923,889.649,-22.7575,45.5154,124.764,713.828,13.2321,0,53.9467,25.9506,25.0081,0.498357
1.599,0.0745425,-0.621701,889.649,-22.7566,45.5137,124.754,711.775,13.1897,0,53.9645,25.9512,25.0081,0.498355
1.6,0.0739218,-0.619473,889.649,-22.7558,45.512,124.745,709.717,13.1472,0,53.9824,25.9518,25.0081,0.498352
1.601,0.0733034,-0.617238,889.649,-22.7549,45.5102,124.736,707.653,13.1046,0,54.0002,25.9524,25.0081,0.49835
1.602,0.0726872,-0.614998,889.649,-22.754,45.5085,124.727,705.584,13.062,0,54.0181,25.953,25.0081,0.498348
1.603,0.0720733,-0.612751,889.649,-22.7532,45.5068,124.718,703.509,13.0193,0,54.036,25.9536,25.0081,0.498346
1.604,0.0714616,-0.610498,889.649,-22.7523,45.5051,124.709,701.429,12.9765,0,54.054,25.9542,25.0081,0.498344
1.605,0.0708522,-0.60824,889.649,-22.7515,45.5034,124.7,699.344,12.9336,0,54.072,25.9548,25.0081,0.498342
1.606,0.070245,-0.605975,889.648,-22.7506,45.5017,124.691,697.254,12.8906,0,54.09,25.9554,25.0081,0.49834
1.607,0.0696401,-0.603704,889.648,-22.7498,45.5,124.682,695.159,12.8476,0,54.108,25.956,25.0081,0.498338
1.608,0.0690375,-0.601427,889.648,-22.7489,45.4983,124.673,693.059,12.8045,0,54.1261,25.9567,25.0081,0.498336
1.609,0.0684372,-0.599145,889.648,-22.7481,45.4966,124.664,690.953,12.7613,0,54.1442,25.9573,25.0081,0.498333
1.61,0.0678391,-0.596856,889.648,-22.7473,45.495,124.655,688.842,12.7181,0,54.1624,25.9579,25.0081,0.498331
1.611,0.0672433,-0.594562,889.648,-22.7464,45.4933,124.646,686.726,12.6748,0,54.1806,25.9585,25.0082,0.498329
1.612,0.0666499,-0.592261,889.648,-22.7456,45.4916,124.637,684.605,12.6314,0,54.1988,25.9591,25.0082,0.498327
1.613,0.0660587,-0.589955,889.648,-22.7448,45.49,124.629,682.479,12.5879,0,54.217,25.9597,25.0082,0.498325
1.614,0.0654698,-0.587643,889.648,-22.7439,45.4883,124.62,680.348,12.5444,0,54.2353,25.9603,25.0082,0.498323
1.615,0.0648833,-0.585326,889.648,-22.7431,45.4867,124.611,678.212,12.5008,0,54.2536,25.9609,25.0082,0.498321
1.616,0.0642991,-0.583002,889.648,-22.7423,45.485,124.602,676.071,12.4571,0,54.2719,25.9615,25.0082,0.498319
1.617,0.0637172,-0.580673,889.648,-22.7415,45.4834,124.594,673.925,12.4134,0,54.2902,25.9621,25.0082,0.498317
1.618,0.0631376,-0.578338,889.648,-22.7407,45.4818,124.585,671.774,12.3696,0,54.3086,25.9627,25.0082,0.498315
1.619,0.0625604,-0.575997,889.648,-22.7398,45.4801,124.576,669.618,12.3257,0,54.327,25.9633,25.0082,0.498313
1.62,0.0619855,-0.573651,889.648,-22.739,45.4785,124.568,667.457,12.2817,0,54.3455,25.9639,25.0082,0.498311
1.621,0.061413,-0.571299,889.648,-22.7382,45.4769,124.559,665.291,12.2377,0,54.3639,25.9645,25.0082,0.498309
1.622,0.0608428,-0.568941,889.648,-22.7374,45.4753,124.551,663.121,12.1937,0,54.3824,25.9652,25.0082,0.498307
1.623,0.060275,-0.566578,889.648,-22.7366,45.4737,124.542,660.945,12.1495,0,54.4009,25.9658,25.0082,0.498305
1.624,0.0597095,-0.564209,889.648,-22.7358,45.4721,124.534,658.765,12.1053,0,54.4195,25.9664,25.0082,0.498303
1.625,0.0591464,-0.561834,889.648,-22.735,45.4705,124.525,656.579,12.061,0,54.4381,25.967,25.0082,0.498301
1.626,0.0585857,-0.559454,889.648,-22.7342,45.4689,124.517,654.39,12.0167,0,54.4567,25.9676,25.0082,0.498299
1.627,0.0580274,-0.557068,889.648,-22.7334,45.4673,124.509,652.195,11.9723,0,54.4753,25.9682,25.0082,0.498297
1.628,0.0574715,-0.554677,889.648,-22.7326,45.4657,124.5,649.995,11.9278,0,54.4939,25.9688,25.0082,0.498295
1.629,0.0569179,-0.552281,889.648,-22.7319,45.4642,124.492,647.791,11.8833,0,54.5126,25.9694,25.0083,0.498293
1.63,0.0563668,-0.549879,889.648,-22.7311,45.4626,124.484,645.582,11.8387,0,54.5313,25.97,25.0083,0.498291
1.631,0.0558181,-0.547472,889.648,-22.7303,45.461,124.475,643.369,11.7941,0,54.5501,25.9706,25.0083,0.498289
1.632,0.0552717,-0.545059,889.648,-22.7295,45.4595,124.467,641.15,11.7494,0,54.5688,25.9712,25.0083,0.498287
1.633,0.0547278,-0.542641,889.648,-22.7287,45.4579,124.459,638.927,11.7046,0,54.5876,25.9718,25.0083,0.498285
1.634,0.0541863,-0.540217,889.648,-22.728,45.4564,124.451,636.7,11.6598,0,54.6064,25.9724,25.0083,0.498284
1.635,0.0536473,-0.537788,889.648,-22.7272,45.4548,124.443,634.468,11.6149,0,54.6252,25.973,25.0083,0.498282
1.636,0.0531106,-0.535354,889.648,-22.7264,45.4533,124.435,632.231,11.57,0,54.6441,25.9736,25.0083,0.49828
1.637,0.0525764,-0.532914,889.648,-22.7257,45.4518,124.427,629.99,11.525,0,54.663,25.9743,25.0083,0.498278
1.638,0.0520447,-0.53047,889.648,-22.7249,45.4503,124.418,627.744,11.4799,0,54.6819,25.9749,25.0083,0.498276
1.639,0.0515154,-0.52802,889.648,-22.7242,45.4488,124.41,625.494,11.4348,0,54.7008,25.9755,25.0083,0.498274
1.64,0.0509885,-0.525565,889.648,-22.7234,45.4472,124.403,623.239,11.3897,0,54.7198,25.9761,25.0083,0.498272
1.641,0.0504641,-0.523104,889.648,-22.7226,45.4457,124.395,620.98,11.3444,0,54.7387,25.9767,25.0083,0.49827
1.642,0.0499422,-0.520639,889.648,-22.7219,45.4442,124.387,618.716,11.2992,0,54.7577,25.9773,25.0083,0.498269
1.643,0.0494227,-0.518168,889.648,-22.7212,45.4428,124.379,616.448,11.2538,0,54.7768,25.9779,25.0083,0.498267
1.644,0.0489057,-0.515692,889.648,-22.7204,45.4413,124.371,614.175,11.2084,0,54.7958,25.9785,25.0083,0.498265
1.645,0.0483912,-0.513211,889.648,-22.7197,45.4398,124.363,611.898,11.163,0,54.8149,25.9791,25.0083,0.498263
1.646,0.0478792,-0.510725,889.648,-22.7189,45.4383,124.355,609.617,11.1175,0,54.834,25.9797,25.0083,0.498261
1.647,0.0473697,-0.508234,889.648,-22.7182,45.4369,124.348,607.332,11.072,0,54.8531,25.9803,25.0084,0.498259
1.648,0.0468626,-0.505738,889.648,-22.7175,45.4354,124.34,605.042,11.0264,0,54.8722,25.9809,25.0084,0.498258
1.649,0.0463581,-0.503237,889.648,-22.7167,45.4339,124.332,602.747,10.9807,0,54.8913,25.9815,25.0084,0.498256
1.65,0.045856,-0.500732,889.648,-22.716,45.4325,124.325,600.449,10.935,0,54.9105,25.9821,25.0084,0.498254
1.651,0.0453565,-0.498221,889.648,-22.7153,45.431,124.317,598.146,10.8893,0,54.9297,25.9827,25.0084,0.498252
1.652,0.0448594,-0.495705,889.648,-22.7146,45.4296,124.31,595.839,10.8435,0,54.9489,25.9833,25.0084,0.49825
1.653,0.0443649,-0.493184,889.648,-22.7139,45.4282,124.302,593.528,10.7977,0,54.9682,25.9839,25.0084,0.498249
1.654,0.043873,-0.490659,889.648,-22.7131,45.4268,124.294,591.213,10.7518,0,54.9874,25.9845,25.0084,0.498247
1.655,0.0433835,-0.488128,889.648,-22.7124,45.4253,124.287,588.893,10.7058,0,55.0067,25.9852,25.0084,0.498245
1.656,0.0428966,-0.485593,889.648,-22.7117,45.4239,124.28,586.57,10.6599,0,55.026,25.9858,25.0084,0.498243
1.657,0.0424122,-0.483053,889.648,-22.711,45.4225,124.272,584.242,10.6138,0,55.0453,25.9864,25.0084,0.498242
1.658,0.0419303,-0.480508,889.648,-22.7103,45.4211,124.265,581.91,10.5678,0,55.0646,25.987,25.0084,0.49824
1.659,0.041451,-0.477959,889.648,-22.7096,45.4197,124.257,579.574,10.5216,0,55.084,25.9876,25.0084,0.498238
1.66,0.0409743,-0.475404,889.648,-22.7089,45.4183,124.25,577.234,10.4755,0,55.1034,25.9882,25.0084,0.498236
1.661,0.0405001,-0.472845,889.648,-22.7082,45.4169,124.243,574.89,10.4293,0,55.1228,25.9888,25.0084,0.498235
1.662,0.0400285,-0.470282,889.648,-22.7076,45.4156,124.236,572.542,10.383,0,55.1422,25.9894,25.0084,0.498233
1.663,0.0395594,-0.467714,889.648,-22.7069,45.4142,124.228,570.191,10.3367,0,55.1616,25.99,25.0084,0.498231
1.664,0.0390929,-0.465141,889.648,-22.7062,45.4128,124.221,567.835,10.2904,0,55.181,25.9906,25.0084,0.49823
1.665,0.038629,-0.462563,889.648,-22.7055,45.4115,124.214,565.475,10.244,0,55.2005,25.9912,25.0084,0.498228
1.666,0.0381677,-0.459981,889.648,-22.7048,45.4101,124.207,563.111,10.1976,0,55.22,25.9918,25.0085,0.498226
1.667,0.0377089,-0.457395,889.648,-22.7042,45.4088,124.2,560.743,10.1511,0,55.2395,25.9924,25.0085,0.498225
1.668,0.0372528,-0.454804,889.648,-22.7035,45.4074,124.193,558.372,10.1046,0,55.259,25.993,25.0085,0.498223
1.669,0.0367992,-0.452208,889.648,-22.7028,45.4061,124.186,555.997,10.0581,0,55.2785,25.9936,25.0085,0.498221
1.67,0.0363482,-0.449608,889.648,-22.7022,45.4048,124.179,553.618,10.0115,0,55.2981,25.9942,25.0085,0.49822
1.671,0.0358998,-0.447003,889.648,-22.7015,45.4035,124.172,551.235,9.9649,0,55.3176,25.9948,25.0085,0.498218
1.672,0.0354541,-0.444395,889.647,-22.7008,45.4021,124.165,548.848,9.91824,0,55.3372,25.9954,25.0085,0.498216
1.673,0.0350109,-0.441781,889.647,-22.7002,45.4008,124.158,546.457,9.87155,0,55.3568,25.996,25.0085,0.498215
1.674,0.0345704,-0.439164,889.647,-22.6995,45.3995,124.151,544.063,9.82482,0,55.3764,25.9966,25.0085,0.498213
1.675,0.0341325,-0.436542,889.647,-22.6989,45.3982,124.145,541.665,9.77805,0,55.3961,25.9972,25.0085,0.498212
1.676,0.0336972,-0.433916,889.647,-22.6982,45.3969,124.138,539.264,9.73125,0,55.4157,25.9979,25.0085,0.49821
1.677,0.0332645,-0.431285,889.647,-22.6976,45.3957,124.131,536.859,9.68441,0,55.4354,25.9985,25.0085,0.498208
1.678,0.0328345,-0.42865,889.647,-22.697,45.3944,124.124,534.45,9.63753,0,55.455,25.9991,25.0085,0.498207
1.679,0.0324071,-0.426011,889.647,-22.6963,45.3931,124.118,532.037,9.59063,0,55.4747,25.9997,25.0085,0.498205
1.68,0.0319823,-0.423368,889.647,-22.6957,45.3919,124.111,529.621,9.54368,0,55.4944,26.0003,25.0085,0.498204
1.681,0.0315602,-0.42072,889.647,-22.6951,45.3906,124.105,527.201,9.49671,0,55.5141,26.0009,25.0085,0.498202
1.682,0.0311407,-0.418069,889.647,-22.6944,45.3893,124.098,524.778,9.4497,0,55.5339,26.0015,25.0085,0.498201
1.683,0.0307239,-0.415413,889.647,-22.6938,45.3881,124.092,522.352,9.40266,0,55.5536,26.0021,25.0085,0.498199
1.684,0.0303098,-0.412753,889.647,-22.6932,45.3869,124.085,519.921,9.35559,0,55.5733,26.0027,25.0085,0.498198
1.685,0.0298983,-0.41009,889.647,-22.6926,45.3856,124.079,517.488,9.30849,0,55.5931,26.0033,25.0086,0.498196
1.686,0.0294895,-0.407422,889.647,-22.692,45.3844,124.072,515.051,9.26135,0,55.6129,26.0039,25.0086,0.498195
1.687,0.0290833,-0.40475,889.647,-22.6914,45.3832,124.066,512.61,9.21419,0,55.6327,26.0045,25.0086,0.498193
1.688,0.0286798,-0.402074,889.647,-22.6908,45.382,124.06,510.166,9.16699,0,55.6525,26.0051,25.0086,0.498192
1.689,0.028279,-0.399394,889.647,-22.6901,45.3808,124.053,507.719,9.11977,0,55.6723,26.0057,25.0086,0.49819
1.69,0.0278809,-0.39671,889.647,-22.6895,45.3796,124.047,505.268,9.07252,0,55.6922,26.0063,25.0086,0.498189
1.691,0.0274855,-0.394022,889.647,-22.689,45.3784,124.041,502.814,9.02524,0,55.712,26.0069,25.0086,0.498187
1.692,0.0270927,-0.391331,889.647,-22.6884,45.3772,124.035,500.357,8.97793,0,55.7318,26.0075,25.0086,0.498186
1.693,0.0267027,-0.388635,889.647,-22.6878,45.376,124.028,497.896,8.9306,0,55.7517,26.0081,25.0086,0.498184
1.694,0.0263153,-0.385936,889.647,-22.6872,45.3748,124.022,495.432,8.88324,0,55.7716,26.0087,25.0086,0.498183
1.695,0.0259307,-0.383233,889.647,-22.6866,45.3737,124.016,492.965,8.83585,0,55.7915,26.0093,25.0086,0.498181
1.696,0.0255487,-0.380526,889.647,-22.686,45.3725,124.01,490.495,8.78844,0,55.8114,26.0099,25.0086,0.49818
1.697,0.0251695,-0.377815,889.647,-22.6854,45.3714,124.004,488.021,8.741,0,55.8313,26.0105,25.0086,0.498178
1.698,0.024793,-0.375101,889.647,-22.6849,45.3702,123.998,485.545,8.69354,0,55.8512,26.0111,25.0086,0.498177
1.699,0.0244192,-0.372382,889.647,-22.6843,45.3691,123.992,483.065,8.64605,0,55.8711,26.0117,25.0086,0.498176
1.7,0.0240481,-0.369661,889.647,-22.6837,45.3679,123.986,480.582,8.59855,0,55.8911,26.0123,25.0086,0.498174
1.701,0.0236797,-0.366935,889.647,-22.6832,45.3668,123.98,478.096,8.55101,0,55.911,26.0129,25.0086,0.498173
1.702,0.0233141,-0.364206,889.647,-22.6826,45.3657,123.975,475.607,8.50346,0,55.931,26.0135,25.0086,0.498171
1.703,0.0229512,-0.361473,889.647,-22.682,45.3646,123.969,473.115,8.45588,0,55.951,26.0141,25.0086,0.49817
1.704,0.022591,-0.358737,889.647,-22.6815,45.3635,123.963,470.62,8.40828,0,55.9709,26.0148,25.0086,0.498169
1.705,0.0222336,-0.355997,889.647,-22.6809,45.3624,123.957,468.121,8.36066,0,55.9909,26.0154,25.0087,0.498167
1.706,0.0218789,-0.353254,889.647,-22.6804,45.3613,123.952,465.62,8.31302,0,56.0109,26.016,25.0087,0.498166
1.707,0.0215269,-0.350507,889.647,-22.6799,45.3602,123.946,463.116,8.26536,0,56.0309,26.0166,25.0087,0.498164
1.708,0.0211777,-0.347757,889.647,-22.6793,45.3591,123.94,460.609,8.21769,0,56.0509,26.0172,25.0087,0.498163
1.709,0.0208313,-0.345003,889.647,-22.6788,45.358,123.935,458.099,8.16999,0,56.071,26.0178,25.0087,0.498162
1.71,0.0204876,-0.342246,889.647,-22.6782,45.357,123.929,455.586,8.12227,0,56.091,26.0184,25.0087,0.49816
1.711,0.0201466,-0.339486,889.647,-22.6777,45.3559,123.924,453.07,8.07454,0,56.111,26.019,25.0087,0.498159
1.712,0.0198085,-0.336722,889.647,-22.6772,45.3548,123.918,450.552,8.02678,0,56.1311,26.0196,25.0087,0.498158
1.713,0.019473,-0.333955,889.647,-22.6767,45.3538,123.913,448.031,7.97902,0,56.1511,26.0202,25.0087,0.498157
1.714,0.0191404,-0.331185,889.647,-22.6761,45.3528,123.907,445.506,7.93123,0,56.1712,26.0208,25.0087,0.498155
1.715,0.0188105,-0.328411,889.647,-22.6756,45.3517,123.902,442.98,7.88343,0,56.1912,26.0214,25.0087,0.498154
1.716,0.0184834,-0.325634,889.647,-22.6751,45.3507,123.897,440.45,7.83561,0,56.2113,26.022,25.0087,0.498153
1.717,0.0181591,-0.322854,889.647,-22.6746,45.3497,123.891,437.918,7.78778,0,56.2314,26.0226,25.0087,0.498151
1.718,0.0178376,-0.320071,889.647,-22.6741,45.3487,123.886,435.383,7.73993,0,56.2515,26.0232,25.0087,0.49815
1.719,0.0175189,-0.317284,889.647,-22.6736,45.3477,123.881,432.845,7.69207,0,56.2716,26.0238,25.0087,0.498149
1.72,0.0172029,-0.314494,889.647,-22.6731,45.3467,123.876,430.305,7.6442,0,56.2917,26.0244,25.0087,0.498148
1.721,0.0168897,-0.311702,889.647,-22.6726,45.3457,123.871,427.762,7.59631,0,56.3118,26.025,25.0087,0.498146
1.722,0.0165794,-0.308906,889.647,-22.6721,45.3447,123.866,425.216,7.54841,0,56.3319,26.0256,25.0087,0.498145
1.723,0.0162718,-0.306107,889.647,-22.6716,45.3437,123.861,422.668,7.5005,0,56.352,26.0262,25.0087,0.498144
1.724,0.015967,-0.303305,889.647,-22.6711,45.3427,123.856,420.117,7.45257,0,56.3721,26.0268,25.0087,0.498143
1.725,0.015665,-0.3005,889.647,-22.6706,45.3418,123.851,417.564,7.40464,0,56.3922,26.0274,25.0087,0.498141
1.726,0.0153659,-0.297693,889.647,-22.6702,45.3408,123.846,415.008,7.35669,0,56.4123,26.028,25.0087,0.49814
1.727,0.0150695,-0.294882,889.647,-22.6697,45.3398,123.841,412.45,7.30874,0,56.4325,26.0286,25.0088,0.498139
1.728,0.014776,-0.292068,889.647,-22.6692,45.3389,123.836,409.889,7.26077,0,56.4526,26.0292,25.0088,0.498138
1.729,0.0144852,-0.289252,889.647,-22.6687,45.338,123.831,407.326,7.2128,0,56.4727,26.0298,25.0088,0.498137
1.73,0.0141973,-0.286432,889.646,-22.6683,45.337,123.826,404.761,7.16481,0,56.4929,26.0304,25.0088,0.498135
1.731,0.0139122,-0.28361,889.646,-22.6678,45.3361,123.821,402.193,7.11682,0,56.513,26.031,25.0088,0.498134
1.732,0.01363,-0.280785,889.646,-22.6674,45.3352,123.817,399.623,7.06882,0,56.5332,26.0316,25.0088,0.498133
1.733,0.0133505,-0.277957,889.646,-22.6669,45.3343,123.812,397.051,7.02082,0,56.5533,26.0322,25.0088,0.498132
1.734,0.0130739,-0.275126,889.646,-22.6665,45.3334,123.807,394.476,6.9728,0,56.5735,26.0328,25.0088,0.498131
1.735,0.0128001,-0.272293,889.646,-22.666,45.3325,123.803,391.899,6.92478,0,56.5936,26.0334,25.0088,0.49813
1.736,0.0125292,-0.269457,889.646,-22.6656,45.3316,123.798,389.319,6.87676,0,56.6138,26.034,25.0088,0.498129
1.737,0.0122611,-0.266619,889.646,-22.6651,45.3307,123.794,386.738,6.82872,0,56.634,26.0346,25.0088,0.498127
1.738,0.0119958,-0.263777,889.646,-22.6647,45.3298,123.789,384.154,6.78069,0,56.6541,26.0352,25.0088,0.498126
1.739,0.0117334,-0.260934,889.646,-22.6642,45.329,123.785,381.568,6.73265,0,56.6743,26.0358,25.0088,0.498125
1.74,0.0114738,-0.258087,889.646,-22.6638,45.3281,123.78,378.98,6.6846,0,56.6945,26.0364,25.0088,0.498124
1.741,0.0112171,-0.255238,889.646,-22.6634,45.3273,123.776,376.39,6.63655,0,56.7146,26.037,25.0088,0.498123
1.742,0.0109632,-0.252387,889.646,-22.663,45.3264,123.772,373.797,6.5885,0,56.7348,26.0376,25.0088,0.498122
1.743,0.0107121,-0.249533,889.646,-22.6625,45.3256,123.767,371.203,6.54045,0,56.755,26.0382,25.0088,0.498121
1.744,0.010464,-0.246676,889.646,-22.6621,45.3247,123.763,368.606,6.49239,0,56.7751,26.0388,25.0088,0.49812
1.745,0.0102186,-0.243817,889.646,-22.6617,45.3239,123.759,366.008,6.44433,0,56.7953,26.0394,25.0088,0.498119
1.746,0.00997618,-0.240956,889.646,-22.6613,45.3231,123.755,363.407,6.39627,0,56.8155,26.04,25.0088,0.498118
1.747,0.00973659,-0.238092,889.646,-22.6609,45.3223,123.751,360.805,6.34821,0,56.8357,26.0406,25.0088,0.498117
1.748,0.00949986,-0.235226,889.646,-22.6605,45.3215,123.746,358.2,6.30015,0,56.8558,26.0413,25.0088,0.498116
1.749,0.00926599,-0.232358,889.646,-22.6601,45.3207,123.742,355.594,6.25209,0,56.876,26.0419,25.0089,0.498115
1.75,0.009035,-0.229487,889.646,-22.6597,45.3199,123.738,352.986,6.20403,0,56.8962,26.0425,25.0089,0.498114
1.751,0.00880687,-0.226615,889.646,-22.6593,45.3191,123.734,350.375,6.15597,0,56.9164,26.0431,25.0089,0.498113
1.752,0.00858162,-0.223739,889.646,-22.6589,45.3183,123.73,347.763,6.10791,0,56.9365,26.0437,25.0089,0.498112
1.753,0.00835925,-0.220862,889.646,-22.6585,45.3176,123.727,345.149,6.05985,0,56.9567,26.0443,25.0089,0.498111
1.754,0.00813976,-0.217983,889.646,-22.6582,45.3168,123.723,342.534,6.0118,0,56.9769,26.0449,25.0089,0.49811
1.755,0.00792314,-0.215101,889.646,-22.6578,45.316,123.719,339.916,5.96375,0,56.9971,26.0455,25.0089,0.498109
1.756,0.00770941,-0.212217,889.646,-22.6574,45.3153,123.715,337.297,5.9157,0,57.0172,26.0461,25.0089,0.498108
1.757,0.00749857,-0.209331,889.646,-22.657,45.3145,123.711,334.676,5.86765,0,57.0374,26.0467,25.0089,0.498107
1.758,0.00729061,-0.206443,889.646,-22.6567,45.3138,123.708,332.053,5.81961,0,57.0576,26.0473,25.0089,0.498106
1.759,0.00708554,-0.203553,889.646,-22.6563,45.3131,123.704,329.429,5.77158,0,57.0777,26.0479,25.0089,0.498105
1.76,0.00688336,-0.200661,889.646,-22.6559,45.3124,123.7,326.803,5.72355,0,57.0979,26.0485,25.0089,0.498104
1.761,0.00668407,-0.197767,889.646,-22.6556,45.3117,123.697,324.175,5.67552,0,57.1181,26.0491,25.0089,0.498103
1.762,0.00648768,-0.194871,889.646,-22.6552,45.3109,123.693,321.546,5.6275,0,57.1382,26.0497,25.0089,0.498102
1.763,0.00629418,-0.191973,889.646,-22.6549,45.3102,123.69,318.915,5.57949,0,57.1584,26.0503,25.0089,0.498101
1.764,0.00610359,-0.189074,889.646,-22.6545,45.3096,123.686,316.282,5.53148,0,57.1785,26.0509,25.0089,0.4981
1.765,0.00591589,-0.186172,889.646,-22.6542,45.3089,123.683,313.648,5.48348,0,57.1987,26.0515,25.0089,0.498099
1.766,0.0057311,-0.183269,889.646,-22.6539,45.3082,123.679,311.013,5.43549,0,57.2188,26.0521,25.0089,0.498098
1.767,0.00554921,-0.180363,889.646,-22.6535,45.3075,123.676,308.375,5.38751,0,57.239,26.0527,25.0089,0.498098
1.768,0.00537023,-0.177456,889.646,-22.6532,45.3069,123.673,305.737,5.33953,0,57.2591,26.0533,25.0089,0.498097
1.769,0.00519415,-0.174548,889.646,-22.6529,45.3062,123.669,303.097,5.29157,0,57.2793,26.0539,25.0089,0.498096
1.77,0.00502099,-0.171637,889.646,-22.6525,45.3056,123.666,300.456,5.24361,0,57.2994,26.0545,25.0089,0.498095
1.771,0.00485073,-0.168725,889.646,-22.6522,45.3049,123.663,297.813,5.19566,0,57.3195,26.0551,25.0089,0.498094
1.772,0.00468339,-0.165811,889.646,-22.6519,45.3043,123.66,295.169,5.14773,0,57.3397,26.0557,25.0089,0.498093
1.773,0.00451896,-0.162895,889.646,-22.6516,45.3037,123.657,292.523,5.0998,0,57.3598,26.0563,25.009,0.498092
1.774,0.00435745,-0.159978,889.646,-22.6513,45.303,123.653,289.877,5.05188,0,57.3799,26.0569,25.009,0.498092
1.775,0.00419886,-0.15706,889.646,-22.651,45.3024,123.65,287.228,5.00398,0,57.4,26.0575,25.009,0.498091
1.776,0.00404319,-0.154139,889.646,-22.6507,45.3018,123.647,284.579,4.95609,0,57.4201,26.0581,25.009,0.49809
1.777,0.00389044,-0.151218,889.646,-22.6504,45.3012,123.644,281.929,4.90821,0,57.4402,26.0587,25.009,0.498089
1.778,0.00374061,-0.148294,889.646,-22.6501,45.3006,123.641,279.277,4.86034,0,57.4603,26.0593,25.009,0.498088
1.779,0.0035937,-0.14537,889.646,-22.6498,45.3001,123.639,276.624,4.81249,0,57.4804,26.0599,25.009,0.498088
1.78,0.00344972,-0.142443,889.646,-22.6495,45.2995,123.636,273.97,4.76465,0,57.5005,26.0605,25.009,0.498087
1.781,0.00330867,-0.139516,889.646,-22.6492,45.2989,123.633,271.314,4.71682,0,57.5206,26.0611,25.009,0.498086
1.782,0.00317055,-0.136587,889.646,-22.6489,45.2984,123.63,268.658,4.66901,0,57.5406,26.0617,25.009,0.498085
1.783,0.00303535,-0.133657,889.646,-22.6487,45.2978,123.627,266,4.62122,0,57.5607,26.0623,25.009,0.498084
1.784,0.00290309,-0.130725,889.645,-22.6484,45.2973,123.625,263.342,4.57343,0,57.5808,26.0629,25.009,0.498084
1.785,0.00277375,-0.127792,889.645,-22.6481,45.2967,123.622,260.682,4.52567,0,57.6008,26.0635,25.009,0.498083
1.786,0.00264736,-0.124858,889.645,-22.6478,45.2962,123.619,258.022,4.47792,0,57.6209,26.0641,25.009,0.498082
1.787,0.00252389,-0.121923,889.645,-22.6476,45.2957,123.617,255.36,4.43019,0,57.6409,26.0647,25.009,0.498081
1.788,0.00240336,-0.118986,889.645,-22.6473,45.2951,123.614,252.697,4.38247,0,57.6609,26.0653,25.009,0.498081
1.789,0.00228577,-0.116048,889.645,-22.6471,45.2946,123.612,250.034,4.33477,0,57.681,26.0659,25.009,0.49808
1.79,0.00217112,-0.113109,889.645,-22.6468,45.2941,123.609,247.369,4.28709,0,57.701,26.0665,25.009,0.498079
1.791,0.00205941,-0.110169,889.645,-22.6466,45.2936,123.607,244.704,4.23943,0,57.721,26.0671,25.009,0.498079
1.792,0.00195064,-0.107228,889.645,-22.6463,45.2932,123.605,242.038,4.19179,0,57.741,26.0677,25.009,0.498078
1.793,0.00184481,-0.104286,889.645,-22.6461,45.2927,123.602,239.371,4.14416,0,57.761,26.0683,25.009,0.498077
1.794,0.00174192,-0.101343,889.645,-22.6459,45.2922,123.6,236.703,4.09656,0,57.781,26.0689,25.009,0.498077
1.795,0.00164197,-0.0983985,889.645,-22.6456,45.2917,123.598,234.034,4.04897,0,57.801,26.0695,25.009,0.498076
1.796,0.00154497,-0.0954534,889.645,-22.6454,45.2913,123.596,231.365,4.0014,0,57.8209,26.0701,25.009,0.498075
1.797,0.00145092,-0.0925072,889.645,-22.6452,45.2908,123.593,228.695,3.95386,0,57.8409,26.0707,25.009,0.498075
1.798,0.00135981,-0.0895602,889.645,-22.6449,45.2904,123.591,226.024,3.90633,0,57.8608,26.0713,25.0091,0.498074
1.799,0.00127165,-0.0866123,889.645,-22.6447,45.29,123.589,223.352,3.85883,0,57.8808,26.0719,25.0091,0.498073
1.8,0.00118644,-0.0836635,889.645,-22.6445,45.2895,123.587,220.68,3.81135,0,57.9007,26.0725,25.0091,0.498073
1.801,0.00110418,-0.0807139,889.645,-22.6443,45.2891,123.585,218.007,3.76389,0,57.9207,26.0731,25.0091,0.498072
1.802,0.00102487,-0.0777635,889.645,-22.6441,45.2887,123.583,215.334,3.71646,0,57.9406,26.0737,25.0091,0.498071
1.803,0.000948504,-0.0748124,889.645,-22.6439,45.2883,123.581,212.66,3.66904,0,57.9605,26.0743,25.0091,0.498071
1.804,0.000875093,-0.0718605,889.645,-22.6437,45.2879,123.579,209.985,3.62166,0,57.9804,26.0749,25.0091,0.49807
1.805,0.000804635,-0.0689078,889.645,-22.6435,45.2875,123.578,207.31,3.57429,0,58.0003,26.0755,25.0091,0.49807
1.806,0.00073713,-0.0659545,889.645,-22.6433,45.2871,123.576,204.634,3.52695,0,58.0201,26.0761,25.0091,0.498069
1.807,0.000672579,-0.0630006,889.645,-22.6431,45.2867,123.574,201.958,3.47963,0,58.04,26.0767,25.0091,0.498069
1.808,0.000610982,-0.060046,889.645,-22.6429,45.2864,123.572,199.281,3.43234,0,58.0599,26.0773,25.0091,0.498068
1.809,0.000552339,-0.0570909,889.645,-22.6428,45.286,123.571,196.604,3.38507,0,58.0797,26.0779,25.0091,0.498067
1.81,0.000496652,-0.0541352,889.645,-22.6426,45.2856,123.569,193.927,3.33783,0,58.0996,26.0785,25.0091,0.498067
1.811,0.000443921,-0.0511789,889.645,-22.6424,45.2853,123.567,191.249,3.29062,0,58.1194,26.0791,25.0091,0.498066
1.812,0.000394147,-0.0482221,889.645,-22.6422,45.285,123.566,188.57,3.24343,0,58.1392,26.0797,25.0091,0.498066
1.813,0.000347329,-0.0452649,889.645,-22.6421,45.2846,123.564,185.892,3.19627,0,58.159,26.0803,25.0091,0.498065
1.814,0.000303469,-0.0423072,889.645,-22.6419,45.2843,123.563,183.213,3.14913,0,58.1788,26.0809,25.0091,0.498065
1.815,0.000262567,-0.0393491,889.645,-22.6417,45.284,123.561,180.534,3.10203,0,58.1986,26.0815,25.0091,0.498064
1.816,0.000224623,-0.0363906,889.645,-22.6416,45.2837,123.56,177.854,3.05495,0,58.2183,26.0821,25.0091,0.498064
1.817,0.000189638,-0.0334318,889.645,-22.6414,45.2834,123.559,175.174,3.0079,0,58.2381,26.0827,25.0091,0.498063
1.818,0.000157612,-0.0304726,889.645,-22.6413,45.2831,123.557,172.494,2.96088,0,58.2578,26.0833,25.0091,0.498063
1.819,0.000128545,-0.0275131,889.645,-22.6411,45.2828,123.556,169.814,2.91389,0,58.2776,26.0839,25.0091,0.498062
1.82,0.000102438,-0.0245534,889.645,-22.641,45.2825,123.555,167.134,2.86693,0,58.2973,26.0845,25.0091,0.498062
1.821,0.0000792902,-0.0215934,889.645,-22.6409,45.2822,123.554,164.454,2.82,0,58.317,26.0851,25.0091,0.498061
1.822,0.0000591029,-0.0186332,889.645,-22.6407,45.282,123.552,161.773,2.77309,0,58.3367,26.0857,25.0091,0.498061
1.823,0.0000418759,-0.0156728,889.645,-22.6406,45.2817,123.551,159.092,2.72622,0,58.3564,26.0863,25.0091,0.49806
1.824,0.0000276094,-0.0127122,889.645,-22.6405,45.2815,123.55,156.412,2.67938,0,58.376,26.0869,25.0092,0.49806
1.825,0.0000163034,-0.00975158,889.645,-22.6404,45.2812,123.549,153.731,2.63258,0,58.3957,26.0875,25.0092,0.49806
1.826,0.0000079582,-0.00679081,889.645,-22.6402,45.281,123.548,151.05,2.5858,0,58.4153,26.0881,25.0092,0.498059
1.827,0.00000257378,-0.00382998,889.645,-22.6401,45.2808,123.547,148.37,2.53906,0,58.435,26.0887,25.0092,0.498059
1.828,1.50208e-7,-0.000869109,889.645,-22.64,45.2805,123.546,145.689,2.49234,0,58.4546,26.0893,25.0092,0.498058
1.829,0,0,889.765,-22.2441,44.4887,119.264,139.8,2.38984,0,58.4976,26.0899,25.0092,0.498058
1.83,0,0,889.641,-22.241,44.4825,119.23,140.072,2.39458,0,58.4956,26.0905,25.0092,0.498058
1.831,0,0,889.642,-22.241,44.4826,119.231,140.073,2.39459,0,58.4956,26.091,25.0092,0.498057
1.832,0,0,889.643,-22.2411,44.4826,119.232,140.073,2.3946,0,58.4956,26.0916,25.0092,0.498057
1.833,0,0,889.643,-22.2411,44.4826,119.232,140.074,2.3946,0,58.4956,26.0922,25.0092,0.498056
1.834,0,0,889.643,-22.2411,44.4827,119.232,140.074,2.39461,0,58.4956,26.0928,25.0092,0.498056
1.835,0,0,889.644,-22.2411,44.4827,119.233,140.074,2.39462,0,58.4956,26.0934,25.0092,0.498056
1.836,0,0,889.644,-22.2411,44.4827,119.233,140.075,2.39462,0,58.4956,26.0939,25.0092,0.498055
1.837,0,0,889.644,-22.2411,44.4827,119.233,140.075,2.39463,0,58.4956,26.0945,25.0092,0.498055
1.838,0,0,889.644,-22.2411,44.4827,119.234,140.075,2.39463,0,58.4956,26.0951,25.0092,0.498054
1.839,0,0,889.644,-22.2411,44.4827,119.234,140.076,2.39464,0,58.4956,26.0957,25.0092,0.498054
1.84,0,0,889.644,-22.2411,44.4827,119.234,140.076,2.39464,0,58.4956,26.0962,25.0092,0.498054
1.841,0,0,889.644,-22.2411,44.4827,119.234,140.076,2.39465,0,58.4956,26.0968,25.0092,0.498053
1.842,0,0,889.644,-22.2411,44.4827,119.235,140.076,2.39465,0,58.4956,26.0974,25.0092,0.498053
1.843,0,0,889.644,-22.2411,44.4827,119.235,140.077,2.39466,0,58.4955,26.098,25.0092,0.498052
1.844,0,0,889.644,-22.2411,44.4827,119.235,140.077,2.39466,0,58.4955,26.0986,25.0092,0.498052
1.845,0,0,889.644,-22.2411,44.4827,119.235,140.077,2.39467,0,58.4955,26.0991,25.0092,0.498052
1.846,0,0,889.644,-22.2411,44.4827,119.236,140.078,2.39467,0,58.4955,26.0997,25.0092,0.498051
1.847,0,0,889.644,-22.2411,44.4827,119.236,140.078,2.39468,0,58.4955,26.1003,25.0092,0.498051
1.848,0,0,889.644,-22.2411,44.4827,119.236,140.078,2.39468,0,58.4955,26.1009,25.0092,0.49805
1.849,0,0,889.644,-22.2411,44.4827,119.237,140.078,2.39468,0,58.4955,26.1014,25.0092,0.49805
1.85,0,0,889.644,-22.2411,44.4827,119.237,140.079,2.39469,0,58.4955,26.102,25.0092,0.49805
1.851,0,0,889.644,-22.2411,44.4827,119.237,140.079,2.39469,0,58.4955,26.1026,25.0092,0.498049
1.852,0,0,889.644,-22.2411,44.4827,119.237,140.079,2.3947,0,58.4955,26.1032,25.0093,0.498049
1.853,0,0,889.644,-22.2411,44.4827,119.238,140.079,2.3947,0,58.4955,26.1038,25.0093,0.498049
1.854,0,0,889.644,-22.2411,44.4827,119.238,140.08,2.39471,0,58.4955,26.1043,25.0093,0.498048
1.855,0,0,889.644,-22.2411,44.4827,119.238,140.08,2.39471,0,58.4955,26.1049,25.0093,0.498048
1.856,0,0,889.644,-22.2411,44.4827,119.238,140.08,2.39472,0,58.4955,26.1055,25.0093,0.498047
1.857,0,0,889.644,-22.2411,44.4827,119.239,140.08,2.39472,0,58.4955,26.1061,25.0093,0.498047
1.858,0,0,889.644,-22.2411,44.4827,119.239,140.081,2.39473,0,58.4955,26.1066,25.0093,0.498047
1.859,0,0,889.644,-22.2411,44.4827,119.239,140.081,2.39473,0,58.4955,26.1072,25.0093,0.498046
1.86,0,0,889.644,-22.2411,44.4827,119.24,140.081,2.39474,0,58.4954,26.1078,25.0093,0.498046
1.861,0,0,889.644,-22.2411,44.4827,119.24,140.082,2.39474,0,58.4954,26.1084,25.0093,0.498045
1.862,0,0,889.644,-22.2411,44.4827,119.24,140.082,2.39475,0,58.4954,26.109,25.0093,0.498045
1.863,0,0,889.644,-22.2411,44.4827,119.24,140.082,2.39475,0,58.4954,26.1095,25.0093,0.498045
1.864,0,0,889.644,-22.2411,44.4827,119.241,140.082,2.39476,0,58.4954,26.1101,25.0093,0.498044
1.865,0,0,889.644,-22.2411,44.4827,119.241,140.083,2.39476,0,58.4954,26.1107,25.0093,0.498044
1.866,0,0,889.644,-22.2411,44.4827,119.241,140.083,2.39477,0,58.4954,26.1113,25.0093,0.498043
1.867,0,0,889.644,-22.2411,44.4827,119.241,140.083,2.39477,0,58.4954,26.1118,25.0093,0.498043
1.868,0,0,889.644,-22.2411,44.4827,119.242,140.083,2.39478,0,58.4954,26.1124,25.0093,0.498043
1.869,0,0,889.644,-22.2411,44.4827,119.242,140.084,2.39478,0,58.4954,26.113,25.0093,0.498042
1.87,0,0,889.644,-22.2411,44.4827,119.242,140.084,2.39479,0,58.4954,26.1136,25.0093,0.498042
1.871,0,0,889.644,-22.2411,44.4827,119.242,140.084,2.39479,0,58.4954,26.1142,25.0093,0.498041
1.872,0,0,889.644,-22.2411,44.4827,119.243,140.085,2.3948,0,58.4954,26.1147,25.0093,0.498041
1.873,0,0,889.644,-22.2411,44.4827,119.243,140.085,2.3948,0,58.4954,26.1153,25.0093,0.498041
1.874,0,0,889.644,-22.2411,44.4827,119.243,140.085,2.39481,0,58.4954,26.1159,25.0093,0.49804
1.875,0,0,889.644,-22.2411,44.4827,119.244,140.085,2.39481,0,58.4954,26.1165,25.0093,0.49804
1.876,0,0,889.644,-22.2411,44.4827,119.244,140.086,2.39482,0,58.4954,26.117,25.0093,0.49804
1.877,0,0,889.644,-22.2411,44.4827,119.244,140.086,2.39482,0,58.4954,26.1176,25.0093,0.498039
1.878,0,0,889.644,-22.2411,44.4827,119.244,140.086,2.39483,0,58.4953,26.1182,25.0093,0.498039
1.879,0,0,889.644,-22.2411,44.4827,119.245,140.086,2.39483,0,58.4953,26.1188,25.0094,0.498038
1.88,0,0,889.644,-22.2411,44.4827,119.245,140.087,2.39484,0,58.4953,26.1194,25.0094,0.498038
1.881,0,0,889.644,-22.2411,44.4827,119.245,140.087,2.39484,0,58.4953,26.1199,25.0094,0.498038
1.882,0,0,889.644,-22.2411,44.4827,119.245,140.087,2.39485,0,58.4953,26.1205,25.0094,0.498037
1.883,0,0,889.644,-22.2411,44.4827,119.246,140.088,2.39485,0,58.4953,26.1211,25.0094,0.498037
1.884,0,0,889.644,-22.2411,44.4827,119.246,140.088,2.39485,0,58.4953,26.1217,25.0094,0.498036
1.885,0,0,889.644,-22.2411,44.4827,119.246,140.088,2.39486,0,58.4953,26.1222,25.0094,0.498036
1.886,0,0,889.644,-22.2411,44.4827,119.247,140.088,2.39486,0,58.4953,26.1228,25.0094,0.498036
1.887,0,0,889.644,-22.2411,44.4827,119.247,140.089,2.39487,0,58.4953,26.1234,25.0094,0.498035
1.888,0,0,889.644,-22.2411,44.4827,119.247,140.089,2.39487,0,58.4953,26.124,25.0094,0.498035
1.889,0,0,889.644,-22.2411,44.4827,119.247,140.089,2.39488,0,58.4953,26.1246,25.0094,0.498034
1.89,0,0,889.644,-22.2411,44.4827,119.248,140.089,2.39488,0,58.4953,26.1251,25.0094,0.498034
1.891,0,0,889.644,-22.2411,44.4827,119.248,140.09,2.39489,0,58.4953,26.1257,25.0094,0.498034
1.892,0,0,889.644,-22.2411,44.4827,119.248,140.09,2.39489,0,58.4953,26.1263,25.0094,0.498033
1.893,0,0,889.644,-22.2411,44.4827,119.248,140.09,2.3949,0,58.4953,26.1269,25.0094,0.498033
1.894,0,0,889.644,-22.2411,44.4827,119.249,140.09,2.3949,0,58.4953,26.1274,25.0094,0.498032
1.895,0,0,889.644,-22.2411,44.4827,119.249,140.091,2.39491,0,58.4952,26.128,25.0094,0.498032
1.896,0,0,889.644,-22.2411,44.4827,119.249,140.091,2.39491,0,58.4952,26.1286,25.0094,0.498032
1.897,0,0,889.644,-22.2411,44.4827,119.25,140.091,2.39492,0,58.4952,26.1292,25.0094,0.498031
1.898,0,0,889.644,-22.2411,44.4827,119.25,140.092,2.39492,0,58.4952,26.1298,25.0094,0.498031
1.899,0,0,889.644,-22.2411,44.4827,119.25,140.092,2.39493,0,58.4952,26.1303,25.0094,0.498031
1.9,0,0,889.644,-22.2411,44.4827,119.25,140.092,2.39493,0,58.4952,26.1309,25.0094,0.49803
1.901,0,0,889.644,-22.2411,44.4827,119.251,140.092,2.39494,0,58.4952,26.1315,25.0094,0.49803
1.902,0,0,889.644,-22.2411,44.4827,119.251,140.093,2.39494,0,58.4952,26.1321,25.0094,0.498029
1.903,0,0,889.644,-22.2411,44.4827,119.251,140.093,2.39495,0,58.4952,26.1326,25.0094,0.498029
1.904,0,0,889.644,-22.2411,44.4827,119.251,140.093,2.39495,0,58.4952,26.1332,25.0094,0.498029
1.905,0,0,889.644,-22.2411,44.4827,119.252,140.093,2.39496,0,58.4952,26.1338,25.0094,0.498028
1.906,0,0,889.644,-22.2411,44.4827,119.252,140.094,2.39496,0,58.4952,26.1344,25.0095,0.498028
1.907,0,0,889.644,-22.2411,44.4827,119.252,140.094,2.39497,0,58.4952,26.135,25.0095,0.498027
1.908,0,0,889.644,-22.2411,44.4827,119.252,140.094,2.39497,0,58.4952,26.1355,25.0095,0.498027
1.909,0,0,889.644,-22.2411,44.4827,119.253,140.095,2.39498,0,58.4952,26.1361,25.0095,0.498027
1.91,0,0,889.644,-22.2411,44.4827,119.253,140.095,2.39498,0,58.4952,26.1367,25.0095,0.498026
1.911,0,0,889.644,-22.2411,44.4827,119.253,140.095,2.39499,0,58.4952,26.1373,25.0095,0.498026
1.912,0,0,889.644,-22.2411,44.4827,119.254,140.095,2.39499,0,58.4951,26.1378,25.0095,0.498025
1.913,0,0,889.644,-22.2411,44.4827,119.254,140.096,2.395,0,58.4951,26.1384,25.0095,0.498025
1.914,0,0,889.644,-22.2411,44.4827,119.254,140.096,2.395,0,58.4951,26.139,25.0095,0.498025
1.915,0,0,889.644,-22.2411,44.4827,119.254,140.096,2.39501,0,58.4951,26.1396,25.0095,0.498024
1.916,0,0,889.644,-22.2411,44.4827,119.255,140.096,2.39501,0,58.4951,26.1401,25.0095,0.498024
1.917,0,0,889.644,-22.2411,44.4827,119.255,140.097,2.39502,0,58.4951,26.1407,25.0095,0.498023
1.918,0,0,889.644,-22.2411,44.4827,119.255,140.097,2.39502,0,58.4951,26.1413,25.0095,0.498023
1.919,0,0,889.644,-22.2411,44.4827,119.255,140.097,2.39502,0,58.4951,26.1419,25.0095,0.498023
1.92,0,0,889.644,-22.2411,44.4827,119.256,140.098,2.39503,0,58.4951,26.1425,25.0095,0.498022
1.921,0,0,889.644,-22.2411,44.4827,119.256,140.098,2.39503,0,58.4951,26.143,25.0095,0.498022
1.922,0,0,889.644,-22.2411,44.4827,119.256,140.098,2.39504,0,58.4951,26.1436,25.0095,0.498022
1.923,0,0,889.644,-22.2411,44.4827,119.257,140.098,2.39504,0,58.4951,26.1442,25.0095,0.498021
1.924,0,0,889.644,-22.2411,44.4827,119.257,140.099,2.39505,0,58.4951,26.1448,25.0095,0.498021
1.925,0,0,889.644,-22.2411,44.4827,119.257,140.099,2.39505,0,58.4951,26.1453,25.0095,0.49802
1.926,0,0,889.644,-22.2411,44.4827,119.257,140.099,2.39506,0,58.4951,26.1459,25.0095,0.49802
1.927,0,0,889.644,-22.2411,44.4827,119.258,140.099,2.39506,0,58.4951,26.1465,25.0095,0.49802
1.928,0,0,889.644,-22.2411,44.4827,119.258,140.1,2.39507,0,58.4951,26.1471,25.0095,0.498019
1.929,0,0,889.644,-22.2411,44.4827,119.258,140.1,2.39507,0,58.495,26.1477,25.0095,0.498019
1.93,0,0,889.644,-22.2411,44.4827,119.258,140.1,2.39508,0,58.495,26.1482,25.0095,0.498018
1.931,0,0,889.644,-22.2411,44.4827,119.259,140.1,2.39508,0,58.495,26.1488,25.0095,0.498018
1.932,0,0,889.644,-22.2411,44.4827,119.259,140.101,2.39509,0,58.495,26.1494,25.0095,0.498018
1.933,0,0,889.644,-22.2411,44.4827,119.259,140.101,2.39509,0,58.495,26.15,25.0096,0.498017
1.934,0,0,889.644,-22.2411,44.4827,119.26,140.101,2.3951,0,58.495,26.1505,25.0096,0.498017
1.935,0,0,889.644,-22.2411,44.4827,119.26,140.102,2.3951,0,58.495,26.1511,25.0096,0.498016
1.936,0,0,889.644,-22.2411,44.4827,119.26,140.102,2.39511,0,58.495,26.1517,25.0096,0.498016
1.937,0,0,889.644,-22.2411,44.4827,119.26,140.102,2.39511,0,58.495,26.1523,25.0096,0.498016
1.938,0,0,889.644,-22.2411,44.4827,119.261,140.102,2.39512,0,58.495,26.1529,25.0096,0.498015
1.939,0,0,889.644,-22.2411,44.4827,119.261,140.103,2.39512,0,58.495,26.1534,25.0096,0.498015
1.94,0,0,889.644,-22.2411,44.4827,119.261,140.103,2.39513,0,58.495,26.154,25.0096,0.498014
1.941,0,0,889.644,-22.2411,44.4827,119.261,140.103,2.39513,0,58.495,26.1546,25.0096,0.498014
1.942,0,0,889.644,-22.2411,44.4827,119.262,140.103,2.39514,0,58.495,26.1552,25.0096,0.498014
1.943,0,0,889.644,-22.2411,44.4827,119.262,140.104,2.39514,0,58.495,26.1557,25.0096,0.498013
1.944,0,0,889.644,-22.2411,44.4827,119.262,140.104,2.39515,0,58.495,26.1563,25.0096,0.498013
1.945,0,0,889.644,-22.2411,44.4827,119.263,140.104,2.39515,0,58.495,26.1569,25.0096,0.498013
1.946,0,0,889.644,-22.2411,44.4827,119.263,140.105,2.39516,0,58.495,26.1575,25.0096,0.498012
1.947,0,0,889.644,-22.2411,44.4827,119.263,140.105,2.39516,0,58.4949,26.158,25.0096,0.498012
1.948,0,0,889.644,-22.2411,44.4827,119.263,140.105,2.39517,0,58.4949,26.1586,25.0096,0.498011
1.949,0,0,889.644,-22.2411,44.4827,119.264,140.105,2.39517,0,58.4949,26.1592,25.0096,0.498011
1.95,0,0,889.644,-22.2411,44.4827,119.264,140.106,2.39518,0,58.4949,26.1598,25.0096,0.498011
1.951,0,0,889.644,-22.2411,44.4827,119.264,140.106,2.39518,0,58.4949,26.1604,25.0096,0.49801
1.952,0,0,889.644,-22.2411,44.4827,119.264,140.106,2.39519,0,58.4949,26.1609,25.0096,0.49801
1.953,0,0,889.644,-22.2411,44.4827,119.265,140.106,2.39519,0,58.4949,26.1615,25.0096,0.498009
1.954,0,0,889.644,-22.2411,44.4827,119.265,140.107,2.39519,0,58.4949,26.1621,25.0096,0.498009
1.955,0,0,889.644,-22.2411,44.4827,119.265,140.107,2.3952,0,58.4949,26.1627,25.0096,0.498009
1.956,0,0,889.644,-22.2411,44.4827,119.265,140.107,2.3952,0,58.4949,26.1632,25.0096,0.498008
1.957,0,0,889.644,-22.2411,44.4827,119.266,140.108,2.39521,0,58.4949,26.1638,25.0096,0.498008
1.958,0,0,889.644,-22.2411,44.4827,119.266,140.108,2.39521,0,58.4949,26.1644,25.0096,0.498007
1.959,0,0,889.644,-22.2411,44.4827,119.266,140.108,2.39522,0,58.4949,26.165,25.0097,0.498007
1.96,0,0,889.644,-22.2411,44.4827,119.267,140.108,2.39522,0,58.4949,26.1655,25.0097,0.498007
1.961,0,0,889.644,-22.2411,44.4827,119.267,140.109,2.39523,0,58.4949,26.1661,25.0097,0.498006
1.962,0,0,889.644,-22.2411,44.4827,119.267,140.109,2.39523,0,58.4949,26.1667,25.0097,0.498006
1.963,0,0,889.644,-22.2411,44.4827,119.267,140.109,2.39524,0,58.4949,26.1673,25.0097,0.498005
1.964,0,0,889.644,-22.2411,44.4827,119.268,140.109,2.39524,0,58.4948,26.1679,25.0097,0.498005
1.965,0,0,889.644,-22.2411,44.4827,119.268,140.11,2.39525,0,58.4948,26.1684,25.0097,0.498005
1.966,0,0,889.644,-22.2411,44.4827,119.268,140.11,2.39525,0,58.4948,26.169,25.0097,0.498004
1.967,0,0,889.644,-22.2411,44.4827,119.268,140.11,2.39526,0,58.4948,26.1696,25.0097,0.498004
1.968,0,0,889.644,-22.2411,44.4827,119.269,140.11,2.39526,0,58.4948,26.1702,25.0097,0.498004
1.969,0,0,889.644,-22.2411,44.4827,119.269,140.111,2.39527,0,58.4948,26.1707,25.0097,0.498003
1.97,0,0,889.644,-22.2411,44.4827,119.269,140.111,2.39527,0,58.4948,26.1713,25.0097,0.498003
1.971,0,0,889.644,-22.2411,44.4827,119.27,140.111,2.39528,0,58.4948,26.1719,25.0097,0.498002
1.972,0,0,889.644,-22.2411,44.4827,119.27,140.112,2.39528,0,58.4948,26.1725,25.0097,0.498002
1.973,0,0,889.644,-22.2411,44.4827,119.27,140.112,2.39529,0,58.4948,26.173,25.0097,0.498002
1.974,0,0,889.644,-22.2411,44.4827,119.27,140.112,2.39529,0,58.4948,26.1736,25.0097,0.498001
1.975,0,0,889.644,-22.2411,44.4827,119.271,140.112,2.3953,0,58.4948,26.1742,25.0097,0.498001
1.976,0,0,889.644,-22.2411,44.4827,119.271,140.113,2.3953,0,58.4948,26.1748,25.0097,0.498
1.977,0,0,889.644,-22.2411,44.4827,119.271,140.113,2.39531,0,58.4948,26.1754,25.0097,0.498
1.978,0,0,889.644,-22.2411,44.4827,119.271,140.113,2.39531,0,58.4948,26.1759,25.0097,0.498
1.979,0,0,889.644,-22.2411,44.4827,119.272,140.113,2.39532,0,58.4948,26.1765,25.0097,0.497999
1.98,0,0,889.644,-22.2411,44.4827,119.272,140.114,2.39532,0,58.4948,26.1771,25.0097,0.497999
1.981,0,0,889.644,-22.2411,44.4827,119.272,140.114,2.39533,0,58.4947,26.1777,25.0097,0.497998
1.982,0,0,889.644,-22.2411,44.4827,119.273,140.114,2.39533,0,58.4947,26.1782,25.0097,0.497998
1.983,0,0,889.644,-22.2411,44.4827,119.273,140.115,2.39534,0,58.4947,26.1788,25.0097,0.497998
1.984,0,0,889.644,-22.2411,44.4827,119.273,140.115,2.39534,0,58.4947,26.1794,25.0097,0.497997
1.985,0,0,889.644,-22.2411,44.4827,119.273,140.115,2.39535,0,58.4947,26.18,25.0098,0.497997
1.986,0,0,889.644,-22.2411,44.4827,119.274,140.115,2.39535,0,58.4947,26.1805,25.0098,0.497996
1.987,0,0,889.644,-22.2411,44.4827,119.274,140.116,2.39535,0,58.4947,26.1811,25.0098,0.497996
1.988,0,0,889.644,-22.2411,44.4827,119.274,140.116,2.39536,0,58.4947,26.1817,25.0098,0.497996
1.989,0,0,889.644,-22.2411,44.4827,119.274,140.116,2.39536,0,58.4947,26.1823,25.0098,0.497995
1.99,0,0,889.644,-22.2411,44.4827,119.275,140.116,2.39537,0,58.4947,26.1829,25.0098,0.497995
1.991,0,0,889.644,-22.2411,44.4827,119.275,140.117,2.39537,0,58.4947,26.1834,25.0098,0.497995
1.992,0,0,889.644,-22.2411,44.4827,119.275,140.117,2.39538,0,58.4947,26.184,25.0098,0.497994
1.993,0,0,889.644,-22.2411,44.4827,119.275,140.117,2.39538,0,58.4947,26.1846,25.0098,0.497994
1.994,0,0,889.644,-22.2411,44.4827,119.276,140.117,2.39539,0,58.4947,26.1852,25.0098,0.497993
1.995,0,0,889.644,-22.2411,44.4827,119.276,140.118,2.39539,0,58.4947,26.1857,25.0098,0.497993
1.996,0,0,889.644,-22.2411,44.4827,119.276,140.118,2.3954,0,58.4947,26.1863,25.0098,0.497993
1.997,0,0,889.644,-22.2411,44.4827,119.277,140.118,2.3954,0,58.4947,26.1869,25.0098,0.497992
1.998,0,0,889.644,-22.2411,44.4827,119.277,140.119,2.39541,0,58.4946,26.1875,25.0098,0.497992
1.999,0,0,889.644,-22.2411,44.4827,119.277,140.119,2.39541,0,58.4946,26.188,25.0098,0.497991
2,0,0,889.644,-22.2411,44.4827,119.277,140.119,2.39542,0,58.4946,26.1886,25.0098,0.497991
2.001,0,0,889.644,-22.2411,44.4827,119.278,140.119,2.39542,0,58.4946,26.1892,25.0098,0.497991
2.002,0,0,889.644,-22.2411,44.4827,119.278,140.12,2.39543,0,58.4946,26.1898,25.0098,0.49799
2.003,0,0,889.644,-22.2411,44.4827,119.278,140.12,2.39543,0,58.4946,26.1904,25.0098,0.49799
2.004,0,0,889.644,-22.2411,44.4827,119.278,140.12,2.39544,0,58.4946,26.1909,25.0098,0.497989
2.005,0,0,889.644,-22.2411,44.4827,119.279,140.12,2.39544,0,58.4946,26.1915,25.0098,0.497989
2.006,0,0,889.644,-22.2411,44.4827,119.279,140.121,2.39545,0,58.4946,26.1921,25.0098,0.497989
2.007,0,0,889.644,-22.2411,44.4827,119.279,140.121,2.39545,0,58.4946,26.1927,25.0098,0.497988
2.008,0,0,889.644,-22.2411,44.4827,119.28,140.121,2.39546,0,58.4946,26.1932,25.0098,0.497988
2.009,0,0,889.644,-22.2411,44.4827,119.28,140.122,2.39546,0,58.4946,26.1938,25.0098,0.497987
2.01,0,0,889.644,-22.2411,44.4827,119.28,140.122,2.39547,0,58.4946,26.1944,25.0099,0.497987
2.011,0,0,889.644,-22.2411,44.4827,119.28,140.122,2.39547,0,58.4946,26.195,25.0099,0.497987
2.012,0,0,889.644,-22.2411,44.4827,119.281,140.122,2.39548,0,58.4946,26.1955,25.0099,0.497986
2.013,0,0,889.644,-22.2411,44.4827,119.281,140.123,2.39548,0,58.4946,26.1961,25.0099,0.497986
2.014,0,0,889.644,-22.2411,44.4827,119.281,140.123,2.39549,0,58.4946,26.1967,25.0099,0.497986
2.015,0,0,889.644,-22.2411,44.4827,119.281,140.123,2.39549,0,58.4946,26.1973,25.0099,0.497985
2.016,0,0,889.644,-22.2411,44.4827,119.282,140.123,2.3955,0,58.4945,26.1979,25.0099,0.497985
2.017,0,0,889.644,-22.2411,44.4827,119.282,140.124,2.3955,0,58.4945,26.1984,25.0099,0.497984
2.018,0,0,889.644,-22.2411,44.4827,119.282,140.124,2.39551,0,58.4945,26.199,25.0099,0.497984
2.019,0,0,889.644,-22.2411,44.4827,119.283,140.124,2.39551,0,58.4945,26.1996,25.0099,0.497984
2.02,0,0,889.644,-22.2411,44.4827,119.283,140.125,2.39551,0,58.4945,26.2002,25.0099,0.497983
2.021,0,0,889.644,-22.2411,44.4827,119.283,140.125,2.39552,0,58.4945,26.2007,25.0099,0.497983
2.022,0,0,889.644,-22.2411,44.4827,119.283,140.125,2.39552,0,58.4945,26.2013,25.0099,0.497982
2.023,0,0,889.644,-22.2411,44.4827,119.284,140.125,2.39553,0,58.4945,26.2019,25.0099,0.497982
2.024,0,0,889.644,-22.2411,44.4827,119.284,140.126,2.39553,0,58.4945,26.2025,25.0099,0.497982
2.025,0,0,889.644,-22.2411,44.4827,119.284,140.126,2.39554,0,58.4945,26.203,25.0099,0.497981
2.026,0,0,889.644,-22.2411,44.4827,119.284,140.126,2.39554,0,58.4945,26.2036,25.0099,0.497981
2.027,0,0,889.644,-22.2411,44.4827,119.285,140.126,2.39555,0,58.4945,26.2042,25.0099,0.49798
2.028,0,0,889.644,-22.2411,44.4827,119.285,140.127,2.39555,0,58.4945,26.2048,25.0099,0.49798
